keys,tr,en
menu.new_game,Yeni Oyun,New Game
menu.load_game,Oyunu Yükle,Load Game
menu.settings,Ayarlar,Settings
menu.quit,Çıkış,Quit
menu.press_any_button,Devam etmek için herhangi bir tuşa bas,Press any button to continue
menu.early_access_title,Geliştirme Aşamasında,In Development
menu.early_access_disclaimer,Bu oyun henüz tamamlanmadı ve aktif olarak geliştiriliyor. Yolculuğunuz sırasında beklenmedik hatalarla ve eksik özelliklerle karşılaşabilirsiniz. Sabrınız ve anlayışınız için şimdiden teşekkür ederiz.,This game is not yet finished and is under active development. You may encounter unexpected bugs and missing features along the way. Thank you for your patience and understanding.
menu.early_access_continue_hint,Devam etmek için bir tuşa basın,Press any key to continue
settings.title,Ayarlar,Settings
settings.tab.audio,Ses,Audio
settings.tab.video,Görüntü,Video
settings.tab.game,Oyun,Game
settings.tab.controls,Kontroller,Controls
settings.audio.master,Ana Ses,Master Volume
settings.audio.music,Müzik Ses,Music Volume
settings.audio.sfx,Efekt Sesleri,SFX Volume
settings.volume_format,%s: %d%%,%s: %d%%
settings.video.fullscreen,Tam Ekran,Fullscreen
settings.video.vsync,VSync,VSync
settings.game.show_damage,Hasar Sayıları Göster,Show Damage Numbers
settings.game.show_fps,FPS Göster,Show FPS
settings.game.camera_shake,Kamera Titreşimi,Camera Shake
settings.game.language,Dil,Language
settings.controls.preset_label,Kontrol Preset'i,Control Preset
settings.controls.preset_wasd,WASD + Numpad,WASD + Numpad
settings.controls.preset_arrows,Ok Tuşları + QWEASD,Arrow Keys + QWEASD
settings.controls.preset_help,WASD + Numpad veya Ok Tuşları + QWEASD arasında geçiş yapabilirsin.,Switch between WASD + Numpad or Arrow Keys + QWEASD.
settings.apply,Uygula,Apply
settings.reset,Varsayılan,Defaults
settings.back,Geri,Back
settings.hint,[< / >] Değer | [Tab] Geçiş | [Q/E] Sekme | [ESC] Geri,[< / >] Value | [Tab] Move | [Q/E] Tab | [ESC] Back
pause.title,Oyun Duraklatıldı,Game Paused
pause.resume,Devam Et,Resume
pause.save,Kaydet,Save
pause.load,Yükle,Load
pause.main_menu,Ana Menü,Main Menu
pause.confirm_main_menu_title,Ana Menüye Dön,Return to Main Menu
pause.confirm_main_menu_message,"Ana menüye dönmek istediğinizden emin misiniz?
(Kaydedilmemiş ilerleme kaybolabilir)","Are you sure you want to return to the main menu?
(Unsaved progress may be lost.)"
pause.save_success_title,Başarılı,Success
pause.save_success_message,Oyun slot %d'ye kaydedildi!,Game saved to slot %d!
profile.new_game_title,Yeni oyun,New Game
profile.new_game_sub,Bu bilgisayarda üç ayrı oyuncu profili vardır. Her profilin kayıtları birbirinden bağımsızdır.,This computer has three player profiles. Each profile's saves are independent.
profile.load_title,Oyuncu profili,Player Profile
profile.load_sub,Hangi profildeki kayıtları yüklemek istiyorsun?,Which profile's saves do you want to load?
profile.card_name,Profil %d,Profile %d
profile.select_button,Bu profili seç,Select this profile
profile.delete_button,Profili sil,Delete profile
profile.back,Geri,Back
profile.delete_title,Profili sil,Delete profile
profile.delete_confirm,"Profil %d ve tüm kayıtları (slotlar, otomatik kayıt, yan veriler) kalıcı olarak silinecek.

Emin misin?","Profile %d and all saves (slots, autosave, side data) will be permanently deleted.

Are you sure?"
profile.delete_empty,Bu profilde silinecek kayıt yok.,No saves to delete in this profile.
profile.delete_success,Profil %d temizlendi.,Profile %d cleared.
profile.delete_failed,Profil %d silinemedi.,Could not delete profile %d.
profile.saved_slots,Kayıtlı slot: %d / 5,Saved slots: %d / 5
profile.latest_save,Son kayıt: %s,Latest save: %s
profile.longest_play,En uzun oyun: %s,Longest playtime: %s
profile.total_playtime,Slotlar toplam süre: %s,Total slot playtime: %s
profile.no_saves_line1,Henüz kayıt yok.,No saves yet.
profile.no_saves_line2,Bu profil temiz — yeni maceraya hazır.,This profile is empty — ready for a new adventure.
save.title,Oyunu Kaydet — Profil %d,Save Game — Profile %d
load.title,Oyunu Yükle — Profil %d,Load Game — Profile %d
common.back,Geri,Back
slot.empty,Slot %d: (Boş),Slot %d: (Empty)
slot.invalid,Slot %d: (Hatalı - Yüklenemez),Slot %d: (Invalid — Cannot Load)
slot.info_overwrite,"Slot %d: %s
Sahne: %s | Süre: %s
(Üzerine kaydedilecek)","Slot %d: %s
Scene: %s | Time: %s
(Will overwrite)"
slot.info,"Slot %d: %s
Sahne: %s | Süre: %s","Slot %d: %s
Scene: %s | Time: %s"
slot.save_button,Kaydet,Save
slot.load_button,Yükle,Load
slot.delete_button,Sil,Delete
autosave.label_none,Otomatik kayıt: (henüz yok),Autosave: (none yet)
autosave.label_info,"Otomatik kayıt — %s
Sahne: %s | Süre: %s%s","Autosave — %s
Scene: %s | Time: %s%s"
stealth.exit_locked_toast,Alarm! Çıkış kapısı kilitlendi — anahtarı taşıyan düşmanı yen veya yere düşen anahtarı al.,Alarm! Exit door locked — kill the key carrier or pick up the dropped key.
stealth.alarm_banner,"ALARM!
Kapılar kilitlendi. Çıkmak için anahtarı almalısın.","ALARM!
The doors are locked. You must find the key to get out."
stealth.key_obtained_toast,Çıkış anahtarı alındı! Kapıya dönebilirsin.,Exit key obtained! You can return to the door.
stealth.exit_key_required_toast,Anahtar olmadan çıkamazsın — 🔑 taşıyan düşmanı yen veya yere düşen anahtarı al.,You need the exit key — kill the key carrier or pick up the dropped key.
stealth.key_location_revealed_toast,Yeterince düşman sorguladın — anahtarın yeri artık okla gösteriliyor.,You've interrogated enough enemies — the key's location is now shown by the arrow.
stealth.key_holder_arrow_tooltip,Anahtarı taşıyan düşman bu yönde,Key carrier is in this direction
dungeon.collectibles_title,Sefer Ganimeti,Expedition Loot
dungeon.collectible_key,Anahtar,Key
save.overwrite_title,Kayıt Üzerine Yaz,Overwrite Save
save.overwrite_message,"Slot %d'de zaten bir kayıt var:
%s

Üzerine kaydetmek istediğinizden emin misiniz?","Slot %d already has a save:
%s

Are you sure you want to overwrite it?"
save.status_saving,Kaydediliyor...,Saving...
save.status_failed,Kaydetme başarısız!,Save failed!
save.status_complete,Kayıt tamamlandı!,Save complete!
save.error_title,Kaydetme Başarısız,Save Failed
save.error_message,Oyun kaydedilemedi. Disk alanı yetersiz olabilir veya dosya yazma izni olmayabilir.,Could not save the game. Disk may be full or write permission denied.
save.error_dialog_title,Kaydetme Hatası,Save Error
load.delete_title,Kayıt Sil,Delete Save
load.delete_confirm,Slot %d'yı silmek istediğinizden emin misiniz?,Are you sure you want to delete slot %d?
load.slot_empty_status,Slot %d zaten boş!,Slot %d is already empty!
load.status_deleted,Slot %d silindi!,Slot %d deleted!
load.delete_failed_title,Silme Başarısız,Delete Failed
load.delete_failed_message,Slot %d silinemedi. Dosya kilitli olabilir veya izin hatası olabilir.,Could not delete slot %d. File may be locked or permission denied.
load.status_loading,Yükleniyor...,Loading...
load.status_failed,Yükleme başarısız!,Load failed!
load.status_complete,Yükleme tamamlandı!,Load complete!
error.title,Hata,Error
error.save_manager_missing,Kayıt yöneticisi bulunamadı.,Save manager not found.
error.load_failed_title,Yükleme Başarısız,Load Failed
error.load_failed_message,Kayıt yüklenemedi.,Could not load the save.
error.load_failed_corrupt,Kayıt yüklenemedi. Dosya bozulmuş olabilir.,Could not load the save. The file may be corrupted.
error.load_error_title,Yükleme Hatası,Load Error
error.no_autosave_title,Kayıt Yok,No Save
error.no_autosave,Henüz otomatik kayıt oluşmadı.,No autosave exists yet.
error.invalid_file_title,Kayıt Dosyası Hatalı,Invalid Save File
error.unknown,Bilinmeyen hata.,Unknown error.
error.empty_slot_title,Boş Kayıt,Empty Slot
error.empty_slot,Bu kayıt slotu boş.,This save slot is empty.
scene.village,Köy,Village
scene.dungeon,Zindan,Dungeon
scene.forest,Orman,Forest
scene.worldmap,Dünya haritası,World Map
scene.main_menu,Ana Menü,Main Menu
scene.unknown,Bilinmeyen,Unknown
time.profile_hours_minutes,%d sa %02d dk,%dh %02dm
time.profile_minutes,%d dk,%d min
time.profile_seconds,%d sn,%d sec
time.slot_hours,%d:%02d saat,%d:%02d h
time.slot_minutes,%d dakika,%d min
dialog.confirm,Onayla,Confirm
dialog.cancel,İptal,Cancel
plot.confirm_upgrade_title,Yükseltmeyi onayla,Confirm upgrade
plot.confirm_upgrade_message,Bu binayı yükseltmek istediğine emin misin?,Are you sure you want to upgrade this building?
plot.confirm_demolish_title,Yıkımı onayla,Confirm demolition
plot.confirm_demolish_message,Bu binayı yıkmak istediğine emin misin? Bu işlem geri alınamaz.,Are you sure you want to demolish this building? This cannot be undone.
dialog.ok,Tamam,OK
mission.result.completed_title,✅ Görev Tamamlandı,✅ Mission Complete
mission.result.completed_message,'%s' görevi başarıyla tamamlandı!,Mission '%s' completed successfully!
mission.result.cancelled_title,⚠️ Görev İptal Edildi,⚠️ Mission Cancelled
mission.result.cancelled_message,'%s' görevi iptal edildi.,Mission '%s' was cancelled.
mission.result.failed_title,❌ Görev Başarısız,❌ Mission Failed
mission.result.failed_message,'%s' görevi başarısız oldu.,Mission '%s' failed.
mission.result.death_title,💀 Kayboldunuz,💀 You Were Lost
mission.result.death_message_items,"Zindanda/ormanda kayboldunuz ve köye dönmek zorunda kaldınız.

Topladığınız %d eşya kayboldu.","You were lost in the dungeon/forest and had to return to the village.

You lost %d items you had collected."
mission.result.death_message,Zindanda/ormanda kayboldunuz ve köye dönmek zorunda kaldınız.,You were lost in the dungeon/forest and had to return to the village.
mission.result.default_title,Görev Sonucu,Mission Result
mission.result.rewards,"
Ödüller:","
Rewards:"
mission.result.penalties,"
Ceza/Cezalar:","
Penalties:"
mission.result.reward_line,  • %s: +%s,  • %s: +%s
mission.result.penalty_line,  • %s: %s,  • %s: %s
mission.result.confirm,Tamam,OK
autosave.toast_default,Oyun otomatik kaydedildi,Game autosaved
tutorial.prompt.title,Öğretici,Tutorial
tutorial.prompt.body,Temel hareket ve kontrolleri kısa bir alanda öğrenmek ister misin? İstersen doğrudan köye gidebilirsin.,Would you like to learn basic movement and controls in a short area? You can also go straight to the village.
tutorial.prompt.play,Tutorial'ı oyna,Play Tutorial
tutorial.prompt.skip,Geç (doğrudan köy),Skip (go to village)
tutorial.prompt.back,Geri (profil seçimi),Back (profile select)
resource.gold,Altın,Gold
resource.wood,Odun,Wood
resource.stone,Taş,Stone
resource.food,Yiyecek,Food
resource.water,Su,Water
resource.metal,Metal,Metal
resource.bread,Ekmek,Bread
resource.lumber,Kereste,Lumber
resource.brick,Tuğla,Brick
resource.cloth,Kumaş,Cloth
resource.garment,Giysi,Garment
resource.tea,Kahve,Coffee
resource.soap,Parfüm,Perfume
resource.medicine,İlaç,Medicine
resource.weapon,Silah,Weapon
resource.weapon_t1,1.sv. Silah,Tier-1 Weapon
resource.weapon_t2,2.sv. Silah,Tier-2 Weapon
resource.weapon_t3,3.sv. Silah,Tier-3 Weapon
building.woodcutter,Odun Kampı,Woodcutter Camp
building.stone_mine,Taş Ocağı,Stone Mine
building.hunter_hut,Avcı/Toplayıcı,Hunter/Gatherer Hut
building.well,Kuyu,Well
building.bakery,Fırın,Bakery
building.house,Ev,House
building.sawmill,Kereste Atölyesi,Sawmill
building.brickworks,Tuğla Atölyesi,Brickworks
building.blacksmith,Demirci,Blacksmith
building.weaver,Dokumacı,Weaver
building.tailor,Terzi,Tailor
building.herbalist,Şifacı,Herbalist
building.teahouse,Çay Evi,Tea House
building.soapmaker,Sabun Atölyesi,Soap Workshop
building.gunsmith,Silahçı,Gunsmith
building.storage,Depo,Storage
hud.gold,Altın: %d,Gold: %d
hud.soldiers,Asker: %d,Soldiers: %d
hud.morale,Moral: %.0f,Morale: %.0f
hud.idle_workers,Müsait İşçi: %d,Idle Workers: %d
hud.housing,Barınma: %d / %d,Housing: %d / %d
hud.supply_ok,Tam,Full
hud.supply_short,Eksik,Short
hud.supply_suffix,| İkmal: %s,| Supply: %s
hud.event_none,Olay: Yok,Events: None
hud.event_line,"%s (%s, %dgün)","%s (%s, %dd)"
hud.economy_none,Üretim/Gider/Net: -,Prod/Cost/Net: -
hud.economy_format,Üretim/Gider/Net: %.1f / %.1f / %.1f,Prod/Cost/Net: %.1f / %.1f / %.1f
hud.resource_net, (%s%.1f/g), (%s%.1f/d)
hud.food_net_detail, (%+d/g · %d−%d),(%+d/d · %d−%d)
hud.gather_uncertain_marker, ?,?
hud.gather_uncertain_tooltip,Toplama şansı etkilendi — gösterilen günlük net tahmindir.,Gather success is affected — daily net shown is an estimate.
hud.resource_cap,%s: %d/%d%s,%s: %d/%d%s
hud.resource_amount,%s: %d%s,%s: %d%s
hud.disaster_drought,⚠Kuraklık,⚠Drought
hud.disaster_famine,⚠Kıtlık,⚠Famine
hud.disaster_pest,⚠Zararlı,⚠Pest
hud.disaster_wolf,⚠Kurt,⚠Wolves
hud.disaster_strike,⚠Grev,⚠Strike
hud.disaster_storm,⚠Fırtına,⚠Storm
hud.disaster_blessing,✦Bereket,✦Blessing
hud.disaster_soldier_rations,⚠Asker +%d/g,⚠Soldiers +%d/d
hud.disaster_plague,⚠Salgın,⚠Plague
hud.disaster_days,(%dg),(%dd)
severity.low,Düşük,Low
severity.medium,Orta,Medium
severity.high,Yüksek,High
build.title,İnşaat,Construction
build.close,Kapat,Close
build.tooltip_exists,Bu binadan zaten var.,This building type already exists.
build.tooltip_build,İnşa Et (%s),Build (%s)
build.cost_label,Maliyet: %s,Cost: %s
build.no_cost,Maliyet Yok,No Cost
build.no_cost_short,Maliyet yok,No cost
build.missing_cost,Eksik maliyet: %s,Missing cost: %s
build.missing_level,Eksik seviye: %s,Missing level: %s
build.requirements,Gereksinimler: %s,Requirements: %s
build.level_req,%s Sv: %d,%s Lv: %d
worker.title,İşçi Yönetimi,Worker Management
worker.idle_label,Boşta İşçi:,Idle Workers:
worker.close,Kapat,Close
worker.resource_label,%s:,%s:
worker.upgrading,Yükseltiliyor...,Upgrading...
worker.upgrade_tooltip,Yükselt (%s),Upgrade (%s)
worker.max_level,Maks Seviye,Max Level
worker.cannot_upgrade,Yükseltilemez,Cannot Upgrade
worker.building_level,Bina Seviyesi,Building Level
worker.upgrade_btn,Yükselt,Upgrade
worker.upgrade_gold,💰 %d Altın,💰 %d Gold
worker.upgrade_effect,Etki: İşçi %d→%d,Effect: Workers %d→%d
worker.upgrade_progress,⏳ %ds (%d%%) • %s,⏳ %ds (%d%%) • %s
worker.level_indicator,[Lv. %d],[Lv. %d]
worker.level_empty,[Lv. -],[Lv. -]
worker.no_requirements,Gereksinim Yok,No Requirements
worker.unknown_req,Bilinmiyor,Unknown
worker.none,Yok,None
cariye.title,Görev Yönetimi,Mission Management
cariye.available,Müsait Cariyeler,Available Concubines
cariye.missions,Mevcut Görevler,Available Missions
cariye.assign,Göreve Ata,Assign to Mission
cariye.close,Kapat,Close
cariye.treat,Tedavi Uygula,Apply Treatment
cariye.unnamed,İsimsiz,Unnamed
cariye.unnamed_mission,İsimsiz Görev,Unnamed Mission
cariye.unknown,Bilinmiyor,Unknown
cariye.item_format,%s (Seviye %d) - %s,%s (Level %d) - %s
cariye.mission_format,%s (Zorluk: %s),%s (Difficulty: %s)
cariye.assigned_suffix, [Atanan: %s], [Assigned: %s]
cariye.weekly_today,Cariyelerin haftalık ihtiyaç günü: bugün,Concubines' weekly needs are due today
cariye.weekly_days,Cariyelerin haftalık ihtiyaçlarına: %d gün,%d days until concubines' weekly needs
mission.savas_1.name,Kuzey Köyüne Saldırı,Attack the Northern Village
mission.savas_1.desc,Kuzeydeki düşman köyüne saldırı düzenle. Ganimet topla ve düşmanı zayıflat.,Launch an attack on the enemy village to the north. Collect loot and weaken the enemy.
mission.kesif_1.name,Batı Ormanlarını Keşfet,Explore the Western Forests
mission.kesif_1.desc,Batıdaki bilinmeyen ormanları keşfet. Yeni kaynaklar ve ticaret yolları bul.,Explore the unknown forests to the west. Find new resources and trade routes.
mission.diplomasi_1.name,Güney Köyü ile İttifak,Alliance with the Southern Village
mission.diplomasi_1.desc,Güneydeki köy ile dostluk anlaşması yap. Ticaret yolları aç ve güvenlik sağla.,Make a friendship pact with the southern village. Open trade routes and improve security.
mission.type.war,Savaş,Combat
mission.type.exploration,Keşif,Exploration
mission.type.diplomacy,Diplomasi,Diplomacy
mission.type.trade,Ticaret,Trade
mission.type.intelligence,İstihbarat,Intelligence
mission.type.bureaucracy,Bürokrasi,Bureaucracy
mission.type.unknown,Bilinmeyen,Unknown
mission.difficulty.easy,Kolay,Easy
mission.difficulty.medium,Orta,Medium
mission.difficulty.hard,Zor,Hard
mission.difficulty.legendary,Efsanevi,Legendary
mission.status.available,Mevcut,Available
mission.status.active,Aktif,Active
mission.status.completed,Tamamlandı,Completed
mission.status.failed,Başarısız,Failed
mission.status.cancelled,İptal,Cancelled
mission.chain.independent,Bağımsız,Independent
mission.chain.sequential,Sıralı,Sequential
mission.chain.parallel,Paralel,Parallel
mission.chain.choice,Seçimli,Choice
mission.risk.low,Düşük,Low
mission.risk.medium,Orta,Medium
mission.risk.high,Yüksek,High
mission.risk.very_high,Çok Yüksek,Very High
mc.page.missions,GÖREVLER,MISSIONS
mc.page.assignments,ATAMALAR,ASSIGNMENTS
mc.page.construction,İNŞAAT,CONSTRUCTION
mc.page.news,HABERLER,NEWS
mc.page.concubines,CARİYELER,CONCUBINES
mc.page.trade,TİCARET,TRADE
mc.page.diplomacy,DİPLOMASİ,DIPLOMACY
mc.action.build,YAP,BUILD
mc.action.upgrade,YÜKSELT,UPGRADE
mc.action.demolish,YIK,DEMOLISH
mc.action.info,BİLGİ,INFO
mc.category.production,ÜRETİM,PRODUCTION
mc.category.life,YAŞAM,LIFE
mc.category.army,ORDU,ARMY
mc.category.decoration,DEKORASYON,DECORATION
mc.news.filter.village,🏘️ KÖY,🏘️ VILLAGE
mc.news.filter.world,🌍 DÜNYA,🌍 WORLD
mc.news.sub.all,TÜMÜ (Y),ALL (Y)
mc.news.sub.critical,🚨 KRİTİK,🚨 CRITICAL
mc.news.sub.info,ℹ️ BİLGİ,ℹ️ INFO
mc.news.sub.success,✅ BAŞARI,✅ SUCCESS
mc.news.sub.warning,⚠️ UYARI,⚠️ WARNING
mc.time.completed,Tamamlandı,Completed
mc.time.hours_minutes,%d saat %d dakika,%d hr %d min
mc.time.hours,%d saat,%d hr
mc.time.minutes_only,%d dakika,%d min
mc.time.minutes_remaining,%.1f dk,%.1f min
mc.mission.detail.type,Tür: %s,Type: %s
mc.mission.detail.difficulty,Zorluk: %s,Difficulty: %s
mc.mission.detail.duration,Süre: %s,Duration: %s
mc.mission.detail.duration_raw,Süre: %s,Duration: %s
mc.mission.detail.success_chance,Başarı şansı: %d%%,Success chance: %d%%
mc.mission.detail.target,Hedef: %s,Target: %s
mc.mission.detail.bridge_crisis,Köprü: yerleşim krizi → %s,Bridge: settlement crisis → %s
mc.mission.detail.bridge_crisis_hex,Köprü: kriz çözümü | %s (%s),Bridge: crisis resolution | %s (%s)
mc.mission.detail.bridge_aid,Köprü: muttefik yardım çağrısı → %s,Bridge: ally aid call → %s
mc.mission.detail.bridge_aid_hex,Köprü: muttefik yardım | %s (%s),Bridge: ally aid | %s (%s)
mc.mission.detail.bridge_neighbor,Köprü: komşu yerleşim krizi,Bridge: neighboring settlement crisis
mc.mission.detail.bridge_aid_short,Köprü: muttefik yardım çağrısı,Bridge: ally aid call
mc.mission.detail.map_target,Harita hedefi: %s — Kendin git veya cariye gönder.,Map target: %s — Go yourself or send a concubine.
mc.mission.detail.rewards,Ödüller: %s,Rewards: %s
mc.mission.detail.penalties,Cezalar: %s,Penalties: %s
mc.mission.no_available,Yapılabilir görev yok. Liste güncellenince tekrar deneyin.,No available missions. Try again when the list updates.
mc.mission.not_found,❌ Görev bulunamadı!,❌ Mission not found!
mc.mission.back_hint,[B: Geri],[B: Back]
mc.mission.list.header,🎯 MEVCUT GÖREVLER:,🎯 CURRENT MISSIONS:
mc.mission.list.active_header,📋 AKTİF GÖREVLER:,📋 ACTIVE MISSIONS:
mc.mission.list.active_line,• %s → %s (%s),• %s → %s (%s)
mc.mission.list.active_empty,📋 AKTİF GÖREV YOK,📋 NO ACTIVE MISSIONS
mc.mission.list.available_header,📝 YAPILABİLİR GÖREVLER:,📝 AVAILABLE MISSIONS:
mc.mission.list.available_line,• %s%s,• %s%s
mc.mission.list.available_empty,📝 YAPILABİLİR GÖREV YOK,📝 NO AVAILABLE MISSIONS
mc.mission.list.selected, ← SEÇİLİ, ← SELECTED
mc.mission.list.idle_count,👥 BOŞTA CARİYELER: %d,👥 IDLE CONCUBINES: %d
mc.mission.list.controls,[Yukarı/Aşağı: Görev seçimi] [A: Cariye seç] [B: Geri],[Up/Down: Select mission] [A: Select concubine] [B: Back]
mc.mission.cariye_select.header,👥 CARİYE SEÇİMİ:,👥 CONCUBINE SELECTION:
mc.mission.cariye_select.mission_line,Görev: %s,Mission: %s
mc.mission.cariye_select.no_idle,❌ Boşta cariye yok!,❌ No idle concubines!
mc.mission.cariye_select.available,MEVCUT CARİYELER:,AVAILABLE CONCUBINES:
mc.mission.cariye_select.controls,[A: Görev ata] [B: Geri],[A: Assign mission] [B: Back]
mc.mission.detail.header,📋 GÖREV DETAYI:,📋 MISSION DETAILS:
mc.mission.card.type_duration,Tür: %s | Süre: %.1fs,Type: %s | Duration: %.1fs
mc.mission.card.rewards_prefix,Ödüller: ,Rewards: 
wm.roll_dice,Zar At,Roll Dice
wm.ok,Tamam,OK
wm.enter,Gir,Enter
wm.cancel,Vazgeç,Cancel
wm.take_risk,Riske Gir,Take Risk
wm.wait,Bekle,Wait
wm.send_aid,Yardım Gönder,Send Aid
wm.raid_order,Baskın Emri,Raid Order
wm.continue,Devam,Continue
wm.rolling,Atılıyor...,Rolling...
wm.travel_event.title,Yolculuk Olayı,Travel Event
wm.travel_outcome.title,Yol sonucu,Travel Outcome
wm.travel_event.cargo_risk,"%s

Yük riski çarpanı: x%.2f","%s

Cargo risk multiplier: x%.2f"
wm.dungeon_entry.title,Zindan Girişi,Dungeon Entry
wm.dungeon_entry.body,Zindan hexine vardın. Zindana girmek istiyor musun?,You reached a dungeon hex. Do you want to enter the dungeon?
wm.dungeon_entry.cancelled,Zindan girişi iptal edildi.,Dungeon entry cancelled.
wm.high_risk.title,Tehlikeli Rota Uyarısı,Dangerous Route Warning
wm.high_risk.body,Bu rota riskli. Emin misin?,This route is risky. Are you sure?
wm.high_risk.cancelled,Tehlikeli rota iptal edildi.,Dangerous route cancelled.
wm.aid_confirm.title,Yardım Onayı,Aid Confirmation
wm.aid_confirm.body,Yardım göndermek istediğine emin misin?,Are you sure you want to send aid?
wm.mission_player.title,Görev — oyuncu seçimi,Mission — player choice
wm.mission_player.default_name,Görev,Mission
wm.mission_player.subtitle,Köyden kaynak harcayarak bir yöntem seç. Başarı şansı yaklaşıktır; başarısızlıkta cezalar uygulanır.,Choose an approach by spending village resources. Success chance is approximate; failure applies penalties.
wm.mission_player.cancel,Vazgeç (şimdilik yapma),Cancel (not now)
wm.mission_strategy.no_cost,%s (~%%%d başarı),%s (~%%%d success)
wm.mission_strategy.with_cost,"%s
→ %s • ~%%%d başarı","%s
→ %s • ~%%%d success"
wm.exp_pack.title,Köyden erzak,Supplies from village
wm.exp_pack.hint,"Yukarı/Aşağı: satır | Sol/Sağ: miktar (basılı tut: hızlanır) | Enter: Yanıma al | Esc: Kapat
Fare ile kapatma yok. Yolda olaylar bu çantayı etkiler; kasa altını ayrı.","Up/Down: row | Left/Right: amount (hold to speed up) | Enter: Take with me | Esc: Close
No mouse close. Road events affect this pack; vault gold is separate."
wm.exp_pack.pocket_gold,Cep altını (kasa),Pocket gold (vault)
wm.hints.move_gamepad,Hareket: D-Pad,Move: D-Pad
wm.hints.walk_gamepad,Yürü: A,Walk: A
wm.hints.enter_hex_gamepad,Hex'e Gir: Y,Enter Hex: Y
wm.hints.back_gamepad,Geri: B,Back: B
wm.hints.menu_gamepad,Menü: Start,Menu: Start
wm.hints.move,Hareket: %s,Move: %s
wm.hints.walk,Yürü: %s,Walk: %s
wm.hints.enter_hex,Hex'e Gir: %s,Enter Hex: %s
wm.hints.back,Geri: %s,Back: %s
wm.hints.menu,Menü: ESC,Menu: ESC
wm.outcome.dice,Zar: [%d] + [%d] = %d,Dice: [%d] + [%d] = %d
wm.outcome.choice_continue,Karar: Devam ettin.,Decision: You continued.
wm.outcome.choice_cancel,Karar: Geri dönme.,Decision: You turned back.
wm.outcome.choice_drop,Karar: Yük bıraktın.,Decision: You dropped cargo.
wm.outcome.extra_time,Süre: +%d dk (oyun zamanı ilerledi).,Time: +%d min (game time advanced).
wm.outcome.event,Olay: %s,Event: %s
wm.outcome.gold_gain,Sefer altını (çanta): +%d.,Expedition gold (pack): +%d.
wm.outcome.gold_loss,Sefer altını (çanta): %d.,Expedition gold (pack): %d.
wm.outcome.world_gold_lost,Sefer altını kaybı: -%d.,Expedition gold lost: -%d.
wm.outcome.food_gain,yiyecek +%d,food +%d
wm.outcome.water_gain,su +%d,water +%d
wm.outcome.medicine_gain,ilaç +%d,medicine +%d
wm.outcome.expedition_pack,Yol çantası (yolda): %s,Travel pack (on road): %s
wm.outcome.dungeon_gold_lost,Taşıdığın zindan altını: -%d.,Dungeon gold you carried: -%d.
wm.outcome.health_lost,Can kaybı: ~%.0f.,Health lost: ~%.0f.
wm.outcome.carried_resources,Taşınan kaynak: %s,Carried resources: %s
wm.outcome.rescued_losses,Kurtarılanlar: %d köylü; %d cariye geride kaldı.,Rescued: %d villagers; %d concubines left behind.
wm.outcome.no_loss,Net kayıp görünmüyor (veya risk sıfırdı).,No net loss visible (or risk was zero).
wm.outcome.no_measurable_loss,Sayılabilir kayıp yok.,No measurable loss.
mc.header.title,GÖREV MERKEZİ,MISSION CENTER
mc.nav.footer,%s: Önceki Sayfa | %s: Sonraki Sayfa | %s: Kapat,%s: Previous Page | %s: Next Page | %s: Close
mc.mission.list.available_empty_short,Yapılabilir görev yok,No available missions
mc.mission.list.active_empty_short,Aktif görev yok,No active missions
mc.mission.list.history_empty_short,Henüz tamamlanmış görev yok,No completed missions yet
mc.mission.badge.chain,🔗 Zincir,🔗 Chain
mc.mission.badge.urgent,🚨 Acil,🚨 Urgent
mc.mission.badge.map_order,🗺️ Harita Emri,🗺️ Map Order
mc.mission.badge.neighbor_aid,🏘️ Komşu Yardım,🏘️ Neighbor Aid
mc.mission.badge.ally_aid,🤝 Muttefik Yardım,🤝 Ally Aid
mc.mission.result.title,🎯 GÖREV SONUCU,🎯 MISSION RESULT
mc.mission.history.title,📚 GÖREV GEÇMİŞİ,📚 MISSION HISTORY
mc.mission.history.stats_title,📊 İSTATİSTİKLER,📊 STATISTICS
mc.assignment.header,İŞÇİ ATAMA MENÜSÜ,WORKER ASSIGNMENT
mc.assignment.controls,"KONTROLLER:
Yön Tuşları: Seçim
[Zıplama]: İşçi Ekle  |  [Saldırı]: İşçi Çıkar  |  [Özel Vuruş]: Detay
B: Geri","CONTROLS:
D-Pad: Select
[Jump]: Add Worker  |  [Attack]: Remove Worker  |  [Heavy Attack]: Details
B: Back"
mc.construction.controls,Yön Tuşları: Seçim  |  A: İnşa/Yükselt  |  X: Yık  |  Y: Bilgi,D-Pad: Select  |  A: Build/Upgrade  |  X: Demolish  |  Y: Info
mc.construction.active_banner,Devam eden şantiyeler,Ongoing construction
mc.construction.status.building,İnşa Halinde (%.1fsa),Under Construction (%.1f hr)
mc.construction.status.not_built,İnşa Edilmedi,Not Built
mc.construction.status.built,Mevcut,Available
mc.trade.incoming_traders,💰 GELEN TÜCCARLAR,💰 INCOMING TRADERS
mc.trade.merchant_missions,👤 TÜCCAR CARİYE GÖREVLERİ,👤 MERCHANT CONCUBINE MISSIONS
mc.news.village_section,🏘️ KÖY HABERLERİ,🏘️ VILLAGE NEWS
mc.news.world_section,🌍 DÜNYA HABERLERİ,🌍 WORLD NEWS
wm.tutorial_marker.dungeon,ZİNDAN,DUNGEON
wm.tutorial_marker.village,KÖY,VILLAGE
wm.tutorial_marker.forest,ORMAN,FOREST
tutorial.farewell,"Temelleri öğrendin, bol şans!","You learned the basics, good luck!"
tutorial.ui.interact,Etkileşim: %s,Interact: %s
tutorial.ui.menu,Menü: %s,Menu: %s
tutorial.dungeon.beat0,"Kendine geldin. Çabuk ol, fazla zaman yok.","You're awake. Hurry, there's not much time."
tutorial.dungeon.beat1,"Zıpla: {jump}.
Ne kadar uzun basılı tutarsan o kadar yüksek zıplarsın.","Jump: {jump}.
The longer you hold it, the higher you jump."
tutorial.dungeon.beat2,Bu duvarı [b]çift zıpla[/b]: havadayken tekrar {jump}.,[b]Double jump[/b] this wall: press {jump} again in the air.
tutorial.dungeon.beat3,Dar geçit: {crouch} ile eğil.,Narrow passage: crouch with {crouch}.
tutorial.dungeon.beat4,"Tek yönlü platform: {down} basılı tut, {jump} ile aşağı in.",One-way platform: hold {down} and drop with {jump}.
tutorial.dungeon.beat5,Köşeye zıpla. Tutunmak için {block} basılı tut; tutunurken {up} ile tırman.,Jump to the ledge. Hold {block} to grab; climb with {up} while holding.
tutorial.dungeon.exit_hint,"[b][color=#3d2008]Çıkışı görüyorum, sağda![/color][/b]
Çabuk koş, tünelden geç!","[b][color=#3d2008]I can see the exit. It's to the right![/color][/b]
Hurry, run through the tunnel!"
tutorial.dungeon.move_right_title,Sağa git,Go right
tutorial.dungeon.move_right,"%s
%s ile sağa koş ve [b]yeşil işaretli alana[/b] gir.","%s
Run right with %s and enter the [b]green marked area[/b]."
tutorial.dungeon.move_left_title,Sola dön,Turn left
tutorial.dungeon.move_left,"%s
%s ile sola koş ve diğer işaretli alana gir.
İleride zıplamak için: %s","%s
Run left with %s and enter the other marked area.
To jump ahead: %s"
tutorial.dungeon.finish,"[b]Güzel![/b]
Köye geçiliyor…","[b]Nice![/b]
Returning to the village…"
tutorial.combat.title,Dövüş pratiği,Combat practice
tutorial.combat.complete,Tamam!,Done!
tutorial.combat.phase0,"%s (1/5)
Düşmana {attack} ile [b]2[/b] hafif vuruş (ilerleme: %d/2).
Yer veya havadayken hafif saldırı tuşuna bas; düşmana isabet etsin.","%s (1/5)
Land [b]2[/b] light hits on the enemy with {attack} (progress: %d/2).
Press light attack on ground or in air; hits must connect."
tutorial.combat.phase1,"%s (2/5)
Düşmana {attack_heavy} ile [b]1[/b] ağır vuruş (ilerleme: %d/1).
Ağır saldırı tuşuna bas veya basılı tut; düşmana çarpmalı.","%s (2/5)
Land [b]1[/b] heavy hit with {attack_heavy} (progress: %d/1).
Press or hold heavy attack; it must hit the enemy."
tutorial.combat.phase2,"%s (3/5)
Havadayken {down} + {jump} ile [b]1[/b] düşüş saldırısı (ilerleme: %d/1).
Düşüş saldırısı düşmana değince sayılır.","%s (3/5)
Perform [b]1[/b] dive attack with {down} + {jump} in the air (progress: %d/1).
The dive attack counts when it hits the enemy."
tutorial.combat.phase3,"%s (4/5)
{dodge} ile bir kez kaçın.
Yön tuşlarıyla yüzünü çevir, kaçış tuşu ile yuvarlan.","%s (4/5)
Dodge once with {dodge}.
Face a direction and roll with the dodge button."
tutorial.combat.phase4,"%s (5/5)
Bir saldırıyı {block} ile tut: kalkanı aç, vuruşu hasarsız kes.
Parry ya da kontra gerekmiyor — sadece blok yeter.","%s (5/5)
Block an attack with {block}: raise your guard and negate damage.
No parry or counter needed — a simple block is enough."
tutorial.combat.done,"%s
Artık hazırsın.","%s
You are ready now."
tutorial.dungeon_guide.message,"Köyün temellerini öğrendin. Şimdi sırada keşif var!
[color=#f5d76e]{map}[/color] ile dünya haritasını aç — yakındaki bir [color=#ff6655]zindanı[/color] senin için işaretledim.
Oraya yürü, vardığında zindana gir. Cariyeler ve hazineler seni bekliyor olabilir.","You learned the village basics. Time to explore!
Open the world map with [color=#f5d76e]{map}[/color] — I marked a nearby [color=#ff6655]dungeon[/color] for you.
Walk there and enter when you arrive. Concubines and treasure may await."
tutorial.dungeon_guide.objective,"{map} ile haritayı aç, işaretli zindana git, vardığında zindana gir","Open the map with {map}, go to the marked dungeon, and enter when you arrive"
tutorial.dungeon_guide.door_objective,Bir kapı seç ve içeri gir,Choose a door and go inside
tutorial.dungeon.door_legend_1,"[b]Kapı üstündeki simgeler[/b]
☠ = güçlü düşmanlar
Tuzak simgesi = güçlü tuzaklar demektir.","[b]Icons on the doors[/b]
☠ = tougher enemies
The trap icon means tougher traps."
tutorial.dungeon.door_legend_2,"💰 simgesi: içeride daha çok altın var.
❤ simgesi: kurtarılacak bir tutsak var.
Hiçbir simge yoksa, orası normal zorlukta bir zindandır.","The gold icon means more gold inside.
The heart icon means a captive to rescue.
No icon at all means a normal-difficulty room."
tutorial.dungeon.stealth_intro_1,"[b]Gizlilik[/b]
Bu odaya girdiğinde düşmanlar senden habersiz.
Görüş alanlarına girmezsen ve sadece arkalarından vurursan, fark ettirmeden kapıdan çıkabilirsin.","[b]Stealth[/b]
When you enter this room, the enemies don't know you're here.
Stay out of their sight and strike only from behind, and you can slip out the door unnoticed."
tutorial.dungeon.stealth_intro_2,"[b]Alarm[/b]
Gizlilik sırasında tutsak kurtarma gibi görevler daha kolaydır.
Ama alarm çalarsa zindan kapıları kilitlenir — çıkmak için anahtar bulman gerekir.","[b]Alarm[/b]
Tasks like rescuing captives are easier while undetected.
But if the alarm goes off, the dungeon doors lock — you'll need to find a key to get out."
tutorial.village.welcome_hud,"Hayatta kaldın. Bu köy senin.
Altta [color=#f5d76e]altın[/color], [color=#aaddff]işçi[/color] ve [color=#aaffaa]kaynakları[/color] görürsün.
Köylülerin her gün [color=#ff9966]yiyecek[/color] tüketir.
Stok biterse [color=#ff6666]moral[/color] düşer. Moral sıfırlanırsa oyun biter.","You survived. This village is yours.
At the bottom you see [color=#f5d76e]gold[/color], [color=#aaddff]workers[/color], and [color=#aaffaa]resources[/color].
Villagers consume [color=#ff9966]food[/color] daily.
If stocks run out, [color=#ff6666]morale[/color] falls. At zero morale, the game ends."
tutorial.village.go_build_starters,"İyi haber: ilk kaynak binalarının ([color=#c8a86c]Odun Kampı[/color], [color=#88ccff]Taş Madeni[/color], [color=#ff9966]Avcı Kulübesi[/color]) hiçbir maliyeti yok.
Boş bir parsele git, {ui_up} ile inşa menüsünü aç ve üçünü de sırayla kur.
Sonra her birinin yanına gidip {village_worker_add} ile işçi ata.","Good news: the first resource buildings ([color=#c8a86c]Woodcutter Camp[/color], [color=#88ccff]Stone Mine[/color], [color=#ff9966]Hunter-Gatherer Hut[/color]) cost nothing.
Go to an empty plot, open the build menu with {ui_up}, and put up all three.
Then stand by each one and assign a worker with {village_worker_add}."
tutorial.village.objective_mentor,Mentora yaklaş ve {interact} tuşuna basılı tutarak konuş (NPC'lerle konuşmak basılı tutmayı gerektirir),Approach the mentor and hold {interact} to talk (talking to NPCs requires holding the button)
tutorial.village.objective_build_starters,Boş parsellere şu binaları ücretsiz inşa et: %s,Build these buildings for free on empty plots: %s
tutorial.village.objective_wait_construction,"İnşaat sürüyor. Kamp ateşine git, {ui_up} ile zaman geçir (binalarla etkileşim için tuşa kısa bas)",Construction is underway. Go to the campfire and pass time with {ui_up} (tap the button briefly to interact with buildings)
tutorial.village.objective_assign_workers_starters,"Bu binaların yanına git, {village_worker_add} ile işçi ata: %s",Stand by these buildings and assign a worker with {village_worker_add}: %s
tutorial.village.objective_forest,"Odun ve yiyecek toplamak için {map} ile haritayı aç, {move} ile ormana git, {hex_enter} ile gir","To gather wood and food, open the map with {map}, go to the forest with {move}, enter with {hex_enter}"
tutorial.village.objective_build_house,"Boş bir parsele git, {ui_up} ile inşa menüsünü aç ve bir Ev kur — köylülerin barınması için gerekli","Go to an empty plot, open the build menu with {ui_up}, and build a House so your villagers have somewhere to live"
tutorial.village.objective_wait_house_construction,"Ev inşaatı sürüyor. Kamp ateşine git, {ui_up} ile zaman geçir (binalarla etkileşim için tuşa kısa bas)",The house is under construction. Go to the campfire and pass time with {ui_up} (tap the button briefly to interact with buildings)
tutorial.village.core_complete,"Temeller atıldı. Artık köy senin.
İstersen mentorla konuş; sırada keşif var.","The basics are in place. The village is yours.
Talk to the mentor when you want; exploration is next."
tutorial.hint.first_cariye,"Tebrikler, bir [color=#ff99cc]cariye[/color] kurtardın!
Köyde ona yaklaş ([color=#f5d76e]^[/color] basılı tut) — [color=#f5d76e]Kurtarılanın Yolu[/color] görev zinciri açıldı.","Congratulations, you rescued a [color=#ff99cc]concubine[/color]!
Approach her in the village (hold [color=#f5d76e]^[/color]) — the [color=#f5d76e]Path of the Rescued[/color] chain is available."
tutorial.rescue_chain.message,"[color=#ff99cc]%s[/color] köye geldi.
Ona yaklaş ve [color=#f5d76e]Kurtarılanın Yolu[/color] zincirinden «Dinlen ve Anlat» görevini ata.","[color=#ff99cc]%s[/color] has arrived.
Approach her and assign «Rest and Debrief» from the [color=#f5d76e]Path of the Rescued[/color] chain."
tutorial.rescue_chain.objective,"%s ile konuş, «Dinlen ve Anlat» görevini ata",Talk to %s and assign «Rest and Debrief»
mission.rescue_chain.chain_name,Kurtarılanın Yolu,Path of the Rescued
mission.rescue_chain.target.village,Köy,Village
mission.rescue_chain.risk.low,Düşük,Low
mission.rescue_chain.1.name,%s: Dinlen ve Anlat,%s: Rest and Debrief
mission.rescue_chain.1.desc,Kurtarılan cariye köyde toparlanır; zindanda duyduklarını kayda geçirir.,The rescued concubine recovers in the village and records what she heard in the dungeon.
mission.rescue_chain.2.name,%s: Zindan İzleri,%s: Dungeon Trails
mission.rescue_chain.2.desc,Eski mahkûm yollarını tarar; bir sonraki baskın için ipucu toplar.,She scouts old prisoner routes and gathers clues for the next raid.
mission.rescue_chain.3.name,%s: Köye Kazandır,%s: Earn Her Keep
mission.rescue_chain.3.desc,Komşu yerleşimle ilk temas — cariye artık köyün bir parçası.,First contact with a neighbor settlement — she becomes part of the village.
news.rescue_chain.start.title,%s için yeni görev zinciri,A new mission chain for %s
news.rescue_chain.start.body,Köyde kurtardığın cariyeye yaklaş — «Kurtarılanın Yolu» açıldı. İlk görevi ona ata.,Approach the concubine you rescued — «Path of the Rescued» is open. Assign her the first mission.
news.rescue_chain.complete.title,Kurtarılanın Yolu tamamlandı,Path of the Rescued complete
news.rescue_chain.complete.body,Cariyen köye kazandırdın. Artık diğer görevlere de yollayabilirsin.,She has earned her place. You can send her on other missions too.
mission.role.chain_name,%s — %s imza görevleri,%s — %s signature missions
mission.story.chain_name,%s — Kişisel hikâye,%s — Personal story
mission.role.komutan.1.name,%s: Muhafız Tatbikatı,%s: Guard Drill
mission.role.komutan.1.desc,Komutan rolüyle birliği düzenler; köy savunması için temel tatbikat yapar.,As commander she drills the unit for basic village defense.
mission.role.komutan.2.name,%s: Sınır Devriyesi,%s: Border Patrol
mission.role.komutan.2.desc,Komşu yolları devriye gezer; olası tehditleri raporlar.,She patrols nearby routes and reports threats.
mission.role.ajan.1.name,%s: Gizli Dinleme,%s: Hidden Listening
mission.role.ajan.1.desc,Ajan olarak köydeki dedikoduları ve komşu haberlerini toplar.,As an agent she gathers village gossip and neighbor intel.
mission.role.ajan.2.name,%s: Casus Ağı,%s: Spy Network
mission.role.ajan.2.desc,Gizli bağlantılar kurarak bir sonraki baskın için bilgi sızdırır.,She builds secret contacts for the next raid.
mission.role.diplomat.1.name,%s: Barış Teklifi,%s: Peace Offer
mission.role.diplomat.1.desc,Diplomat olarak komşu yerleşime barışçıl bir mesaj götürür.,As diplomat she carries a peaceful message to a neighbor.
mission.role.diplomat.2.name,%s: Elçilik Ziyareti,%s: Embassy Visit
mission.role.diplomat.2.desc,Resmi temasla ilişkileri güçlendirir; küçük anlaşmazlıkları yumuşatır.,A formal visit to strengthen ties and ease disputes.
mission.role.tuccar.1.name,%s: Pazar Pazarlığı,%s: Market Haggle
mission.role.tuccar.1.desc,Tüccar rolüyle komşu pazarda köy adına pazarlık yapar.,As trader she haggles at a neighbor market for the village.
mission.role.tuccar.2.name,%s: Kervan Anlaşması,%s: Caravan Deal
mission.role.tuccar.2.desc,Kısa süreli ticaret kolaylığı için kervancılarla anlaşır.,She secures a short trade deal with passing caravans.
mission.role.alim.1.name,%s: Kayıt Arşivi,%s: Record Archive
mission.role.alim.1.desc,Alim olarak köy kayıtlarını düzenler; vergi ve stok defterlerini günceller.,As scholar she organizes village records and ledgers.
mission.role.alim.2.name,%s: Vergi Reformu,%s: Tax Reform
mission.role.alim.2.desc,Adil vergi önerisi hazırlar; istikrarı artırır.,She drafts fair tax rules to boost stability.
mission.role.tibbiyeci.1.name,%s: Saha Kliniği,%s: Field Clinic
mission.role.tibbiyeci.1.desc,Tibbiyeci olarak yaralı köylülere saha tedavisi uygular.,As medic she treats wounded villagers in the field.
mission.role.tibbiyeci.2.name,%s: Salgın Önlemi,%s: Outbreak Prevention
mission.role.tibbiyeci.2.desc,Hijyen ve ilaç stokunu düzenleyerek salgın riskini azaltır.,She reduces outbreak risk with hygiene and medicine stock.
mission.role_training.komutan.name,%s: Komutanlık Sınavı,%s: Trial of Command
mission.role_training.komutan.desc,Rolü hak etmek için askeri liderlik yeteneğini kanıtlamalı.,She must prove her military leadership to earn the role.
mission.role_training.ajan.name,%s: Gölge Sınavı,%s: Trial of Shadows
mission.role_training.ajan.desc,Rolü hak etmek için istihbarat toplama becerisini kanıtlamalı.,She must prove her intelligence-gathering skill to earn the role.
mission.role_training.diplomat.name,%s: Nezaket Sınavı,%s: Trial of Courtesy
mission.role_training.diplomat.desc,Rolü hak etmek için diplomatik inceliğini kanıtlamalı.,She must prove her diplomatic tact to earn the role.
mission.role_training.tuccar.name,%s: Kervan Sınavı,%s: Trial of the Caravan
mission.role_training.tuccar.desc,Rolü hak etmek için ticaret zekasını kanıtlamalı.,She must prove her trading acumen to earn the role.
mission.role_training.alim.name,%s: Divan Sınavı,%s: Trial of the Council
mission.role_training.alim.desc,Rolü hak etmek için bürokrasi bilgisini kanıtlamalı.,She must prove her bureaucratic knowledge to earn the role.
mission.role_training.tibbiyeci.name,%s: Şifa Sınavı,%s: Trial of Healing
mission.role_training.tibbiyeci.desc,Rolü hak etmek için tıbbi bilgisini kanıtlamalı.,She must prove her medical knowledge to earn the role.
news.role_granted.title,%s Artık Görevde,%s Now Serves
news.role_granted.body,Eğitimini tamamladı ve %s rolünü resmen kazandı.,She finished her training and formally earned the %s role.
mission.story.1.name,%s: Geçmişin Gölgesi,%s: Shadow of the Past
mission.story.1.desc,Zindandaki anılarını anlatır; köy onu dinler ve kayda geçirir.,She shares dungeon memories; the village listens and records them.
mission.story.2.name,%s: Güven Bağı,%s: Bond of Trust
mission.story.2.desc,Leverage ve deneyimle köyde güven kazanır; mentor ona danışır.,With leverage and experience she earns trust; the mentor consults her.
mission.story.3.name,%s: Köyün Sesi,%s: Voice of the Village
mission.story.3.desc,Artık köyün kalıcı sesi — moral ve itibar için sembol.,She becomes a lasting voice for morale and reputation.
news.role_chain.start.title,%s için rol görevleri,%s — role missions unlocked
news.role_chain.start.body,Yeni rol: %s. Cariyeye yaklaş — imza görev zinciri açıldı.,New role: %s. Approach the concubine — a signature mission chain is available.
news.role_chain.complete.title,Rol görevleri tamamlandı,Role missions complete
news.role_chain.complete.body,Cariye rolünde ustalaştı; ek ödüller köye aktarıldı.,She mastered her role; bonus rewards reached the village.
news.story_chain.start.title,%s'in hikâyesi,%s's story begins
news.story_chain.start.body,Kişisel hikâye zinciri açıldı — leverage veya seviye ile sonraki adımlar açılır.,Personal story chain unlocked — later steps need leverage or level.
news.story_chain.complete.title,Kişisel hikâye tamamlandı,Personal story complete
news.story_chain.complete.body,Cariye köyün kalıcı sesi oldu; moral yükseldi.,She became a lasting voice; village morale rose.
item.set.poison.name,Zehir Ustası,Poison Master
item.set.guard.name,Demir Muhafız,Iron Guard
item.set.aerial.name,Gök Vuruşu,Sky Strike
item.set.elemental.name,Üç Element,Tri-Element
item.set.will_activate,set tamamlanır!,set complete!
item.set.one_more,1 parça kaldı,1 piece left
item.set.active_short,aktif,active
tutorial.hint.first_trader,"Köye bir [color=#ffcc44]tüccar[/color] geldi!
Tüccarlarla kaynak alışverişi yapabilirsin.
Köyün ihtiyaçlarına göre iyi fırsatları kaçırma. Tüccarlar sonsuza kadar kalmaz.","A [color=#ffcc44]trader[/color] arrived in the village!
You can trade resources with merchants.
Do not miss good deals. Traders do not stay forever."
tutorial.digest.prefix,Yokluğunda:,While you were away:
mentor.death.return.dungeon,"[color=#ff8888]Zindanda düştün[/color], ama köylüler seni taşıdı.
Canın [b]1[/b]'e indi; köyde yaklaşık [b]%.1f saat[/b] dinlenerek toparlanacaksın.
Bu sürede zindana gitme. Önce iyileş.","You [color=#ff8888]fell in the dungeon[/color], but villagers carried you back.
Health dropped to [b]1[/b]; rest in the village for about [b]%.1f hours[/b] to recover.
Avoid the dungeon until you're healed."
mentor.death.return.expedition,"[color=#ff8888]Sefer yarıda kaldı[/color]. Erzak ve yol seni yordu.
Köye döndün; canın [b]1[/b], toparlanma yaklaşık [b]%.1f saat[/b] sürecek.
Haritada tekrar yola çıkmadan önce dinlen.","[color=#ff8888]The expedition collapsed[/color]. Supplies and the road wore you down.
You're back in the village at [b]1[/b] HP; recovery takes about [b]%.1f hours[/b].
Rest before heading out on the map again."
mentor.death.return.forest,"[color=#ff8888]Ormanda ağır yaralandın[/color].
Köylüler seni getirdi; canın [b]1[/b], dinlenme yaklaşık [b]%.1f saat[/b].
Kaynak toplamaya dönmeden önce iyileş.","[color=#ff8888]You were badly hurt in the forest[/color].
Villagers brought you back at [b]1[/b] HP; rest about [b]%.1f hours[/b].
Heal before gathering again."
mentor.death.return.tutorial,"[color=#ff8888]Düştün[/color]. Bu seferlik köy seni korudu.
Canın [b]1[/b]; yaklaşık [b]%.1f saat[/b] dinlen.","[color=#ff8888]You fell[/color]. The village protected you this time.
Health is [b]1[/b]; rest about [b]%.1f hours[/b]."
mentor.death.return.combat,"[color=#ff8888]Savaşta yere serildin[/color].
Köye taşındın; can [b]1[/b], toparlanma [b]%.1f saat[/b] sürebilir.","[color=#ff8888]You were knocked down in combat[/color].
Carried to the village at [b]1[/b] HP; recovery may take [b]%.1f hours[/b]."
mentor.death.return.generic,"[color=#ff8888]Ölümün eşiğinden döndün[/color].
Canın [b]1[/b]; köyde yaklaşık [b]%.1f saat[/b] dinlenerek toparlanırsın.","[color=#ff8888]You returned from death's edge[/color].
Health is [b]1[/b]; rest in the village for about [b]%.1f hours[/b]."
mentor.death.debuff.rib,"[color=#ffaa66]Kırık kaburga[/color]: maksimum canın geçici olarak düştü.
Sağlık çubuğundaki debuff süresini takip et; iyileşene kadar agresif savaştan kaçın.","[color=#ffaa66]Broken rib[/color]: max health is temporarily reduced.
Watch the debuff timer on your health bar; avoid aggressive fights until it clears."
mentor.death.debuff.back,"[color=#ffaa66]Bel tutulması[/color]: ağır saldırıların kilitli.
Hafif combo ve savunmayla idare et; birkaç gün içinde geçer.","[color=#ffaa66]Back strain[/color]: heavy attacks are locked.
Use light combos and defense; it clears in a few days."
mentor.death.debuff.balance,"[color=#ffaa66]Denge kaybı[/color]: havadan saldırı yapamazsın.
Yere yakın dövüşe odaklan; debuff süresi dolunca normale dönersin.","[color=#ffaa66]Balance loss[/color]: aerial attacks are disabled.
Fight close to the ground; you'll return to normal when the debuff expires."
mentor.death.debuff.generic,"[color=#ffaa66]Yaralanma[/color] geçici bir ceza bıraktı.
Sağlık panelindeki debuff'u kontrol et.","[color=#ffaa66]Injury[/color] left a temporary penalty.
Check the debuff on your health panel."
mentor.death.healed,"[color=#88ff88]Ayağa kalktın![/color]
Canın normale döndü, ama bir sonraki düşüşte yine aynı bedeli ödersin.
Zindana gitmeden önce kaynak ve moralini kontrol et.","[color=#88ff88]You're back on your feet![/color]
Health restored, but the next fall costs the same.
Check supplies and morale before the dungeon."
mentor.festival.body,"Köyde [color=#ffdd66]festival[/color] var!
Moral yükseldi, depolara biraz yiyecek eklendi.
Bu günleri iyi değerlendir. Köylüler mutlu üretir.","A [color=#ffdd66]festival[/color] in the village!
Morale rose and some food was added to stores.
Make the most of these days. Happy villagers produce more."
village.event.festival.title,🎉 Köy Festivali,🎉 Village Festival
village.event.festival.body,Köylüler bir araya geldi! Moral +%d; yiyecek +%d.,Villagers gathered! Morale +%d; food +%d.
village.event.festival.gold_bonus,Komşular hediye olarak %d altın gönderdi.,Neighbors sent %d gold as a gift.
ambient.conv.morning.a1,Bugün odun kesimi erken başlasın mı?,Should we start cutting wood early today?
ambient.conv.morning.b1,Ben hazırım — fırın da ekmek istiyor.,I'm ready — the bakery wants bread too.
ambient.conv.morning.a2,O zaman kamp ateşine uğrarız.,Then we'll stop by the campfire.
ambient.conv.well.a1,Kuyruk uzamış yine.,The queue is long again.
ambient.conv.well.b1,Sabah suyu en temiz olur.,Morning water is the cleanest.
ambient.conv.morale_low.a1,Herkes somurtuyor...,Everyone's gloomy...
ambient.conv.morale_low.b1,Biraz ekmek ve dinlenme lazım.,We need bread and rest.
ambient.conv.morale_low.a2,Yarın daha iyi olur umarım.,Hopefully tomorrow is better.
ambient.conv.morale_high.a1,Köy neşeli bugün!,The village is cheerful today!
ambient.conv.morale_high.b1,İşler yolunda gidince herkes gülümsüyor.,When things go well everyone smiles.
ambient.conv.trader.a1,Tüccarın getirdiği fiyatları duydun mu?,Did you hear the trader's prices?
ambient.conv.trader.b1,Odun ucuzlamış — kaçırmayalım.,Wood got cheaper — let's not miss it.
ambient.conv.trader.a2,Akşam pazara bakarız.,We'll check the market tonight.
ambient.conv.night.b1,Yarın erken kalkacağım.,I'll wake up early tomorrow.
ambient.conv.night.a1,Ben de — nöbet uzun sürdü.,Me too — the watch ran long.
ambient.conv.bakery.a1,Fırından koku geliyor.,Smells like the bakery.
ambient.conv.bakery.b1,Keşke bir somun alsak...,Wish we could grab a loaf...
ambient.conv.defense.a1,Saldırı haberi doğru mu?,Is the attack rumor true?
ambient.conv.defense.b1,Askerler hazırlanıyor — endişelenme.,Soldiers are preparing — don't worry.
ambient.conv.festival.a1,Geçen festivali hatırlıyor musun?,Remember the last festival?
ambient.conv.festival.b1,Herkes dans etmişti!,Everyone was dancing!
ambient.conv.guests.a1,Misafirler barınak bekliyor.,Guests are waiting for shelter.
ambient.conv.guests.b1,Bir ev daha inşa etsek iyi olur.,We should build another house.
demo.teaser.title,Demo Sınırı,Demo Limit
demo.teaser.body,Bu demo %d oyun günü ile sınırlıdır. Tam sürümde mevsimler harita ve daha derin köy hikâyesi açılır.,This demo is limited to %d game days. The full release unlocks seasons the map and deeper village stories.
demo.teaser.mentor,"[color=#c9b3ff]Demo süresi doldu[/color], ama loop'u denedin!
Tam oyunda festival savunma fraksiyonlar ve cariye hikâyeleri devam eder.
Geri bildirimini bizimle paylaş.","[color=#c9b3ff]Demo time is up[/color], but you tried the loop!
The full game continues with festivals defense factions and concubine stories.
Share your feedback with us."
tutorial.forest.complete,"Kaynaklar tamam! Portaldan haritaya dön, köy hex'ine git",Resources complete! Return through the portal to the map and go to the village hex
tutorial.forest.need_food,Odun: %d/%d  Meyve: %d/%d . Meyve toplamaya devam et,Wood: %d/%d  Food: %d/%d . Keep gathering food
tutorial.forest.need_wood,Odun: %d/%d  Meyve: %d/%d . Odun kesmeye devam et,Wood: %d/%d  Food: %d/%d . Keep chopping wood
tutorial.forest.progress,Odun: %d/%d  Meyve: %d/%d,Wood: %d/%d  Food: %d/%d
mc.mission.controls,[Yukarı/Aşağı: Seçim] [A: Seç/Atama] [B: Geri],[Up/Down: Select] [A: Select/Assign] [B: Back]
mc.mission.chains.title,🔗 GÖREV ZİNCİRLERİ,🔗 MISSION CHAINS
mc.mission.chains.empty,Aktif görev zinciri yok,No active mission chains
mc.mission.chains.progress,İlerleme: %d/%d (%.0f%%),Progress: %d/%d (%.0f%%)
mc.news.random_events,🎲 RASTGELE OLAYLAR,🎲 RANDOM EVENTS
mc.news.controls,KONTROLLER: [Yukarı/Aşağı: Seçim] [A: Detay] [B: Geri],CONTROLS: [Up/Down: Select] [A: Details] [B: Back]
mc.news.back,⬅️ Geri (B),⬅️ Back (B)
mc.news.subcategory_hint,Alt kategori: Y tuşu,Subcategory: Y key
mc.construction.category,KATEGORİ: %s,CATEGORY: %s
mc.construction.action,İŞLEM: %s,ACTION: %s
mc.construction.duration,Süre: İnşa %.1fsa | Yükselt %.1fsa,Duration: Build %.1f hr | Upgrade %.1f hr
mc.construction.duration_unknown,Süre: -,Duration: -
mc.construction.demolish_confirm,"
%s

Bu binayı yıkmak istiyor musun?

A: Evet    B: Hayır","
%s

Demolish this building?

A: Yes    B: No"
mc.assignment.no_buildings,"Atanabilir bina yok.
Önce inşaat yapmalısın.","No assignable buildings.
Build something first."
mc.assignment.workers,İşçiler: %d / %d,Workers: %d / %d
mc.assignment.building_detail_header,=== BİNA DETAYI ===,=== BUILDING DETAILS ===
mc.building.info.level,📊 Seviye: %s,📊 Level: %s
mc.building.info.upgrading,⚡ Yükseltiliyor...,⚡ Upgrading...
mc.building.info.upgrade_remaining, ⏳ Kalan: %dsn (%d%%), ⏳ Remaining: %ds (%d%%)
mc.building.info.upgrade_cost,💰 Yükseltme: %d Altın,💰 Upgrade: %d Gold
mc.building.info.duration,⏱ Süre: %dsn,⏱ Duration: %ds
mc.building.info.worker_effect,✨ Etki: İşçi %d→%d,✨ Effect: Workers %d→%d
mc.building.info.production,📈 Üretim: %s,📈 Production: %s
mc.mission.result.success,✅ BAŞARILI!,✅ SUCCESS!
mc.mission.result.failed,❌ BAŞARISIZ!,❌ FAILED!
mc.mission.result.rewards_header,💰 ÖDÜLLER:,💰 REWARDS:
mc.mission.result.penalties_header,⚠️ CEZALAR:,⚠️ PENALTIES:
mc.mission.result.reward_line,  • %s: +%d,  • %s: +%d
mc.mission.result.penalty_line,  • %s: %d,  • %s: %d
mc.mission.result.cariye_status,👤 Cariye Durumu: Seviye %d | Sağlık: %d | Moral: %d,👤 Concubine Status: Level %d | Health: %d | Morale: %d
mc.mission.result.auto_close_5s,⏰ 5 saniye sonra otomatik kapanır...,⏰ Closes automatically in 5 seconds...
mc.mission.result.auto_close_3s,3 saniye sonra otomatik kapanır...,Closes automatically in 3 seconds...
mc.mission.level_up.title,🎉 SEVİYE ATLAMA! 🎉,🎉 LEVEL UP! 🎉
mc.mission.level_up.cariye,%s seviye %d'ye yükseldi!,%s reached level %d!
mc.mission.level_up.new_stats,YENİ ÖZELLİKLER:,NEW STATS:
mc.mission.level_up.max_health,• Maksimum Sağlık: %d,• Max Health: %d
mc.mission.level_up.max_moral,• Maksimum Moral: %d,• Max Morale: %d
mc.mission.level_up.skill_gains,YETENEK ARTIŞLARI:,SKILL GAINS:
mc.mission.active.in_progress,Devam ediyor,In progress
mc.mission.active.completing,Tamamlanıyor,Completing
mc.mission.active.risk,⚠️ Risk: %s,⚠️ Risk: %s
mc.mission.active.time_left,⏱️ %s kaldı,⏱️ %s left
mc.mission.active.progress,İlerleme:,Progress:
mc.mission.card.type_difficulty,Tür: %s | Zorluk: %s,Type: %s | Difficulty: %s
mc.mission.card.requirements,Gerekli Seviye: %d | Gerekli Ordu: %d,Required Level: %d | Required Army: %d
mc.mission.card.min_requirements,Min. Seviye: %d | Min. Ordu: %d,Min. Level: %d | Min. Army: %d
mc.mission.cariye_select.no_idle_short,Boşta cariye yok,No idle concubines
mc.mission.history.empty,Tamamlanan görev yok,No completed missions
mc.mission.history.stats,Toplam Görev: %d | Başarılı: %d | Başarısız: %d | Başarı Oranı: %.1f%%,Total Missions: %d | Success: %d | Failed: %d | Success Rate: %.1f%%
mc.concubine.best_skill,En İyi: %s (%d),Best: %s (%d)
mc.concubine.status,Durum: %s,Status: %s
mc.diplomacy.controls,[Yukarı/Aşağı] Fraksiyon • [Sol/Sağ] Eylem • [A] Uygula • [B] Geri,[Up/Down] Faction • [Left/Right] Action • [A] Apply • [B] Back
mc.trade.no_traders,"Şu anda köyde tüccar yok.
Tüccarlar zaman zaman köye gelecek.","No traders in the village right now.
Traders will visit from time to time."
mc.trade.trader_title,💰 %s,💰 %s
mc.trade.default_trader,Tüccar,Trader
mc.trade.from_settlement,📍 %s'den geldi,📍 Came from %s
mc.trade.selling,Satıyor:,Selling:
mc.trade.product_line,  • %s (%d altın),  • %s (%d gold)
mc.trade.more_products,  ... ve %d ürün daha,  ... and %d more products
mc.trade.leaves_in_days,⏳ %d gün sonra ayrılacak,⏳ Leaves in %d days
mc.trade.view_products_hint,A: Ürünleri Gör,A: View Products
mc.trade.no_trader_concubines,"Tüccar rolünde boşta cariye yok.
Cariye yönetiminden rol atayabilirsiniz.","No idle concubines with the trader role.
Assign roles from Concubine management."
mc.trade.concubine_title,👤 %s (Tüccar),👤 %s (Trader)
mc.trade.concubine_skill,Ticaret yeteneği: %d | Seviye: %d,Trade skill: %d | Level: %d
mc.trade.send_mission_hint,A: Görev Gönder,A: Send Mission
common.unknown,Bilinmeyen,Unknown
building.barracks,Kışla,Barracks
building.inventor,Mucit Odası,Inventor Workshop
mc.time.days,%.1f gün,%.1f days
mc.mission.relief.neighbor_crisis,Komsu kriz | %s,Neighboring crisis | %s
mc.mission.relief.ally_call,Muttefik yardim cagrisi | %s,Ally aid call | %s
mc.mission.relief.neighbor_aid,Komsu kriz yardimi | %s,Neighboring crisis aid | %s
mc.mission.relief.neighbor_aid_hex,Komsu kriz yardimi | %s (%s),Neighboring crisis aid | %s (%s)
mc.mission.relief.ally_aid_hex,Muttefik yardim cagrisi | %s (%s),Ally aid call | %s (%s)
mc.mission.card.target_settlement,Hedef Yerlesim: %s | Mesafe: %s,Target settlement: %s | Distance: %s
mc.mission.card.required_resources,Gerekli Kaynaklar: %s,Required resources: %s
mc.mission.cariye_select.soldiers,Yanında asker: %d / %d  (Sol/Sağ ile değiştir),Escort soldiers: %d / %d  (Left/Right to change)
mc.mission.history.completed_in,Tamamlandı: %.1f saniye,Completed in %.1f seconds
mc.mission.chain.rewards_prefix,Ödül: ,Reward: 
mc.mission.chain.type.none,Bağımsız,Standalone
mc.mission.chain.type.sequential,Sıralı,Sequential
mc.mission.chain.type.parallel,Paralel,Parallel
mc.mission.chain.type.choice,Seçimli,Choice
mc.recipe.sawmill,Girdi: Odun + Su ⇒ Kereste,Input: Wood + Water ⇒ Lumber
mc.recipe.brickworks,Girdi: Taş + Su ⇒ Tuğla,Input: Stone + Water ⇒ Brick
mc.recipe.bakery,Girdi: Yiyecek + Su ⇒ Ekmek,Input: Food + Water ⇒ Bread
mc.recipe.weaver,Girdi: Yiyecek + Su ⇒ Kumaş,Input: Food + Water ⇒ Cloth
mc.recipe.tailor,Girdi: Kumaş x2 + Su ⇒ Giyim,Input: Cloth x2 + Water ⇒ Garment
mc.recipe.blacksmith,Girdi: Taş + Odun ⇒ Metal,Input: Stone + Wood ⇒ Metal
mc.recipe.gunsmith,Girdi: Metal + Odun + Su ⇒ Silah,Input: Metal + Wood + Water ⇒ Weapon
mc.recipe.armorer,Girdi: Metal x2 + Su ⇒ Zırh,Input: Metal x2 + Water ⇒ Armor
mc.recipe.teahouse,Girdi: Yiyecek + Su ⇒ Çay,Input: Food + Water ⇒ Tea
mc.recipe.soapmaker,Girdi: Yiyecek + Su x2 ⇒ Sabun,Input: Food + Water x2 ⇒ Soap
mc.recipe.herbalist,Girdi: Yiyecek + Su ⇒ İlaç,Input: Food + Water ⇒ Medicine
mc.assignment.equipment.header,=== ASKER SİLAH ATAMA ===,=== SOLDIER WEAPON ASSIGNMENT ===
mc.assignment.equipment.stock_tiers,📦 Stok: 1.sv:%d | 2.sv:%d | 3.sv:%d,📦 Stock: T1:%d | T2:%d | T3:%d
mc.assignment.equipment.no_soldiers,"Kışlada asker yok!

[%s: Geri]","No soldiers in barracks!

[%s: Back]"
mc.assignment.equipment.nav_hint,"Yukarı/Aşağı: Asker seç
Sol/Sağ: Silah seviyesi seç","Up/Down: Select soldier
Left/Right: Select weapon tier"
mc.assignment.equipment.give_hint,%s: Silah Ver/Al,%s: Give/Take Weapon
mc.assignment.equipment.selected_tier,Seçili Silah Seviyesi: %d,Selected weapon tier: %d
mc.assignment.equipment.soldier_line_tier,Asker %d %s,Soldier %d %s
mc.assignment.equipment.back_hint,[%s: Geri],[%s: Back]
mc.assignment.equipment.error_no_barracks,Hata: Kışla bulunamadı!,Error: Barracks not found!
mc.assignment.equipment.distribute_header,=== ASKER SİLAH DAĞITIMI ===,=== SOLDIER WEAPON DISTRIBUTION ===
mc.assignment.equipment.soldier_count,👥 Asker Sayısı: %d,👥 Soldiers: %d
mc.assignment.equipment.weapon_tier_qty,⚔️ %d. sv. Silah: %d,⚔️ Tier-%d Weapon: %d
mc.assignment.equipment.distribute_controls,"Yukarı/Aşağı: Seviye Seç
Sol/Sağ: Miktar Ayarla
A tuşu: Dağıt
B tuşu: İptal","Up/Down: Select tier
Left/Right: Adjust amount
A: Distribute
B: Cancel"
mc.diplomacy.no_world_manager,WorldManager bulunamadı. Diplomasi verisi mevcut değil.,WorldManager not found. Diplomacy data unavailable.
mc.diplomacy.no_factions,Henüz tanımlı fraksiyon yok.,No factions defined yet.
mc.diplomacy.select_faction,Fraksiyon seçiniz.,Select a faction.
mc.diplomacy.footer,[Sol/Sağ] Eylem: %s | [A] Uygula | [B] Geri,[Left/Right] Action: %s | [A] Apply | [B] Back
mc.diplomacy.info.gift,Eylem: %s'a Hediye Gönder | Maliyet: 100 Altın | Sonuç: +10 İlişki,Action: Send Gift to %s | Cost: 100 Gold | Result: +10 Relations
mc.diplomacy.info.threat,Eylem: %s'ı Tehdit Et | Maliyet: Yok | Sonuç: -15 İlişki (Riskli),Action: Threaten %s | Cost: None | Result: -15 Relations (Risky)
mc.diplomacy.info.trade,Eylem: %s ile Ticaret Anlaşması | Gereksinim: +20 İlişki | Sonuç: Ticaret Rotası Açılır,Action: Trade Agreement with %s | Requires: +20 Relations | Result: Trade Route Opens
mc.diplomacy.info.passage,Eylem: %s'dan Geçiş İzni İste | Gereksinim: +50 İlişki | Sonuç: Topraklardan Geçiş İzni,Action: Request Passage from %s | Requires: +50 Relations | Result: Passage Rights
diplomacy.action.gift,🎁 Hediye,🎁 Gift
diplomacy.action.threat,☠️ Tehdit,☠️ Threat
diplomacy.action.trade,💰 Ticaret,💰 Trade
diplomacy.action.passage,🛡️ Geçiş,🛡️ Passage
diplomacy.action_label.gift,Hediye +%d (−%d altın),Gift +%d (−%d gold)
diplomacy.action_label.threat,Tehdit %d,Threat %d
diplomacy.action_label.trade,Ticaret Anlaşması +%d (−%d altın),Trade Agreement +%d (−%d gold)
diplomacy.action_label.passage,Geçiş İzni +%d (−%d altın),Passage Rights +%d (−%d gold)
diplomacy.stance.ally,Müttefik,Ally
diplomacy.stance.enemy,Düşman,Enemy
diplomacy.stance.neutral,Tarafsız,Neutral
mc.trade.buy.title,💰 Tüccardan Satın Al,💰 Buy from Trader
mc.trade.buy.title_named,💰 Tüccardan Satın Al: %s,💰 Buy from Trader: %s
mc.trade.buy.origin_placeholder,📍 Tüccar bilgisi,📍 Trader info
mc.trade.buy.controls,Yön Tuşları: Seçim  |  A: Satın Al  |  B: Kapat,D-Pad: Select  |  A: Buy  |  B: Close
mc.trade.buy.no_products,Bu tüccarın satacak ürünü yok.,This trader has nothing to sell.
mc.trade.buy.price_per_unit,%d altın/birim,%d gold/unit
mc.trade.buy.unlimited,Sınırsız,Unlimited
mc.trade.buy.selected_marker,> SEÇİLİ <,> SELECTED <
mc.trade.buy.quantity_one,1 birim satın alınacak,Will buy 1 unit
mc.trade.mission.create_title,🚚 Ticaret Görevi Oluştur,🚚 Create Trade Mission
mc.trade.mission.cariye_prefix,👤 Cariye: ,👤 Concubine: 
mc.trade.mission.controls,Yön Tuşları: Seçim  |  A: Onayla  |  B: Geri/İptal,D-Pad: Select  |  A: Confirm  |  B: Back/Cancel
mc.trade.mission.step_village,📍 Köy Seçimi,📍 Settlement Selection
mc.trade.mission.step_soldiers,⚔️ Asker Sayısı,⚔️ Soldier Count
mc.trade.mission.step_products,📦 Ticaret Malları,📦 Trade Goods
mc.trade.mission.title_step,🚚 Ticaret Görevi: %s,🚚 Trade Mission: %s
mc.trade.mission.cariye_named,👤 Cariye: %s,👤 Concubine: %s
mc.trade.mission.no_routes,Aktif ticaret rotası yok!,No active trade routes!
mc.trade.mission.route_line,"%s%s (Mesafe: %.1f, Risk: %s, İlişki: %d)","%s%s (Distance: %.1f, Risk: %s, Relations: %d)"
mc.trade.mission.route_hint,"Yukarı/Aşağı: Rota Seç
A: Devam Et","Up/Down: Select route
A: Continue"
mc.trade.mission.soldier_count,Asker Sayısı: %d / %d,Soldier Count: %d / %d
mc.trade.mission.soldier_hint,"Sol/Sağ: Miktar Ayarla
A: Devam Et","Left/Right: Adjust amount
A: Continue"
mc.trade.mission.selected_qty,Seçili: %d / %d,Selected: %d / %d
mc.trade.mission.product_hint,Yön Tuşları: Ürün Seç  |  A: Miktar Ayarla  |  X: Görevi Başlat,D-Pad: Select product  |  A: Adjust quantity  |  X: Start mission
mc.trade.mission.quantity_popup,"📦 %s

Miktar: %d / %d

Sol/Sağ: Değiştir
A: Onayla  |  B: İptal","📦 %s

Quantity: %d / %d

Left/Right: Change
A: Confirm  |  B: Cancel"
mc.concubine.skills.title,⚔️ Yetenekler,⚔️ Skills
mc.concubine.history.title,📚 Görev Geçmişi,📚 Mission History
mc.concubine.history.summary,"✅ Tamamlanan: %d
❌ Başarısız: %d
📊 Başarı Oranı: %d%%","✅ Completed: %d
❌ Failed: %d
📊 Success Rate: %d%%"
mc.concubine.controls.title,🎮 KONTROLLER,🎮 CONTROLS
mc.concubine.controls.body,"Yukarı/Aşağı: Cariye Seç
A tuşu: Rol Ata
B tuşu: Geri","Up/Down: Select concubine
A: Assign role
B: Back"
mc.concubine.role.error_not_found,Hata: Cariye bulunamadı!,Error: Concubine not found!
mc.concubine.role.header,=== CARİYE ROL ATAMA ===,=== CONCUBINE ROLE ASSIGNMENT ===
mc.concubine.role.cariye_line,👤 Cariye: %s,👤 Concubine: %s
mc.concubine.role.current,📊 Mevcut Rol: %s,📊 Current Role: %s
mc.concubine.role.coming_soon, (Gelecekte), (Coming soon)
mc.concubine.role.controls,"Yukarı/Aşağı: Rol Seç
A tuşu: Uygula
B tuşu: İptal","Up/Down: Select role
A: Apply
B: Cancel"
concubine.skill.combat,Savaş,Combat
concubine.skill.diplomacy,Diplomasi,Diplomacy
concubine.skill.trade,Ticaret,Trade
concubine.skill.bureaucracy,Bürokrasi,Bureaucracy
concubine.skill.exploration,Keşif,Exploration
concubine.status.idle,Boşta,Idle
concubine.status.on_mission,Görevde,On Mission
concubine.status.injured,Yaralı,Injured
concubine.status.resting,Dinleniyor,Resting
concubine.role.none,Rol Yok,No Role
concubine.role.commander,Komutan,Commander
concubine.role.agent,Ajan,Agent
concubine.role.diplomat,Diplomat,Diplomat
concubine.role.trader,Tüccar,Trader
concubine.role.scholar,Alim,Scholar
concubine.role.medic,Tibbiyeci,Medic
mc.news.event.drought.title,🌧️ Kuraklık Başladı,🌧️ Drought Started
mc.news.event.drought.body,Su üretimi %20 azaldı,Water production reduced by 20%
mc.news.event.migrants.title,👥 Göçmenler Geldi,👥 Migrants Arrived
mc.news.event.migrants.body,Yeni işçi mevcut,New workers available
mc.news.event.wolves.title,🐺 Kurt Sürüsü,🐺 Wolf Pack
mc.news.event.wolves.body,Avcılık tehlikeli,Hunting is dangerous
mc.news.event.unknown,Bilinmeyen Olay,Unknown Event
mc.news.event.no_description,Açıklama yok,No description
mc.news.no_title,Başlık yok,No title
village.toast.construction_done,İnşaat tamamlandı,Construction completed
village.toast.delivery_done,Teslimat Tamamlandı,Delivery Complete
village.delivery.dungeon_gold,+%d zindan altını,+%d dungeon gold
village.delivery.expedition_gold,+%d sefer altını (harita görevi),+%d expedition gold (map mission)
village.delivery.resources,+%d kaynak,+%d resources
village.delivery.rescued,+%d köylü +%d cariye,+%d villagers +%d concubines
village.delivery.stealth_clear,Gizli çıkış tamamlandı (boss atlandı),Stealth exit complete (boss skipped)
village.delivery.stealth_partial_boss_gold,+%d kısmi boss altını (gizli çıkış),+%d partial boss gold (stealth exit)
village.delivery.boss_skipped,Boss atlandı — tam mastery yok,Boss skipped — no full mastery
concubine.unnamed,İsimsiz,Unnamed
mc.mission.result.panel_header,🎯 GÖREV SONUCU:,🎯 MISSION RESULT:
mc.mission.result.cariye_line,Cariye: %s,Concubine: %s
mc.mission.result.mission_line,Görev: %s,Mission: %s
mc.mission.result.cariye_injured,🏥 Cariye yaralandı!,🏥 Concubine was injured!
mc.mission.result.auto_close_countdown,⏱️ %.1f saniye sonra kapanacak...,⏱️ Closes in %.1f seconds...
mc.concubine.info.name,İsim: %s,Name: %s
mc.concubine.info.level,Seviye: %d (%d/%d XP),Level: %d (%d/%d XP)
mc.concubine.info.role,Rol: %s,Role: %s
mc.concubine.info.health,Sağlık: %d/%d,Health: %d/%d
mc.concubine.info.moral,Moral: %d/%d,Morale: %d/%d
mc.concubine.skill_line,%s: %d/100,%s: %d/100
mc.concubine.history.completed,✅ Tamamlanan: %d görev,✅ Completed: %d missions
mc.concubine.history.failed,❌ Başarısız: %d görev,❌ Failed: %d missions
mc.concubine.history.rate,📊 Başarı Oranı: %.1f%%,📊 Success Rate: %.1f%%
mc.concubine.history.total_xp,🏆 Toplam Deneyim: %d XP,🏆 Total Experience: %d XP
mc.concubine.achievements.empty,"🌟 Henüz başarı kazanılmadı

Başarılar görev tamamlama, seviye atlama ve yetenek geliştirme ile kazanılır.","🌟 No achievements yet

Earn achievements by completing missions, leveling up, and improving skills."
mc.concubine.achievements.total,🏆 Toplam %d Başarı Kazanıldı,🏆 %d Achievements Earned
world_event.kuraklik.name,Kuraklık,Drought
world_event.kuraklik.desc,Bölgede kuraklık başladı. Su kaynakları azalıyor.,A drought has begun in the region. Water sources are dwindling.
world_event.gocmenler.name,Göçmen Dalgası,Migrant Wave
world_event.gocmenler.desc,Savaştan kaçan göçmenler bölgeye geliyor.,Refugees fleeing war are arriving in the region.
world_event.kurt_surusu.name,Kurt Sürüsü,Wolf Pack
world_event.kurt_surusu.desc,Tehlikeli kurt sürüsü bölgede dolaşıyor.,A dangerous wolf pack is roaming the area.
news.map_mission.success,Görevi haritada tamamladın.,You completed the mission on the map.
news.map_mission.failed,Görev başarısız oldu.,The mission failed.
news.new_map_mission.title,Yeni Harita Görevi,New Map Mission
news.new_map_mission.body,%s görevi açıldı.,Mission %s is now available.
news.trader_arrived.title,💰 %s Geldi,💰 %s Has Arrived
news.trader_arrived.body,%s köyünüze geldi! Satıyor: %s,%s has arrived in your village! Selling: %s
news.purchase.title,Satın Alındı,Purchased
news.purchase.body,%d %s satın alındı (%d altın)%s,Bought %d %s (%d gold)%s
news.defense_required.title,Savunma Gerekli,Defense Required
news.defense_required.body,%s saldırısına karşı köyü savun!,Defend the village against %s's attack!
defense.alert.fight_button,Savaşa Katıl!,Fight!
defense.alert.playable_hint,Saldırı başladı — «Savaşa Katıl» ile birliklerini yönet veya 90 dk içinde otomatik savunma uygulanır.,The attack has begun — press Fight! to command your troops or auto-defense runs within 90 min.
defense.alert.auto_hint,Saldırı yaklaşıyor; kışladaki askerler ve muttefik desteği otomatik savunmayı etkiler.,An attack is approaching; barracks soldiers and allies affect auto-defense.
defense.toast.playable.title,⚔ %s saldırıyor!,⚔ %s is attacking!
defense.toast.playable.body,Üst banner'dan «Savaşa Katıl» ile savunmayı oynayabilirsin.,Use Fight! on the top banner to play the defense.
defense.toast.no_soldiers.title,Asker yok,No soldiers
defense.toast.no_soldiers.body,Kışlada atanmış asker olmadan savaş başlatılamaz.,Cannot start battle without soldiers assigned to the barracks.
defense.battle.victory,Köy savunması kazanıldı!,Village defense won!
defense.battle.defeat,Köy savunması kaybedildi...,Village defense lost...
defense.battle.continue,Devam,Continue
mission.dyn.loc.north,Kuzey,North
mission.dyn.loc.south,Güney,South
mission.dyn.loc.east,Doğu,East
mission.dyn.loc.west,Batı,West
mission.dyn.loc.center,Merkez,Center
mission.dyn.enemy.foe,Düşman,Enemy
mission.dyn.enemy.bandit,Haydut,Bandit
mission.dyn.enemy.rival,Rakip,Rival
mission.dyn.enemy.rebel,İsyancı,Rebel
mission.dyn.enemy.foreign,Yabancı,Foreign
mission.dyn.place.forest,Orman,Forest
mission.dyn.place.mountain,Dağ,Mountain
mission.dyn.place.desert,Çöl,Desert
mission.dyn.place.lake,Göl,Lake
mission.dyn.place.cave,Mağara,Cave
mission.dyn.area.unknown,Bilinmeyen,Unknown
mission.dyn.area.abandoned,Terk Edilmiş,Abandoned
mission.dyn.area.dangerous,Tehlikeli,Dangerous
mission.dyn.area.mysterious,Gizemli,Mysterious
mission.dyn.area.legendary,Efsanevi,Legendary
mission.dyn.settlement.village,Köy,Village
mission.dyn.settlement.city,Şehir,City
mission.dyn.settlement.town,Kasaba,Town
mission.dyn.settlement.market,Pazar,Market
mission.dyn.settlement.port,Liman,Port
mission.dyn.savas.name.convoy,Karavan Konvoyunu Kes,Intercept the Caravan Convoy
mission.dyn.savas.name.enemy_swarm,{enemy} Sürüsünü Dağıt,Disperse the {enemy} Swarm
mission.dyn.savas.name.road_ambush,Yol Kesenlere Karşı Baskın,Raid Against Road Ambushers
mission.dyn.savas.name.route_clash,{location} Yolunda Çatışma,Clash on the {location} Route
mission.dyn.savas.name.enemy_fight,{enemy} ile Savaş,Fight the {enemy}
mission.dyn.savas.desc.convoy,Bir köye giden veya köyden çıkan ticari konvoyun geçtiği güzergâhta {enemy} ile çarpış.,Clash with {enemy} on the trade route used by a village caravan.
mission.dyn.savas.desc.enemy_ops,Yakın yerleşimin yollarında toplanan {enemy} unsuruna karşı operasyon düzenle.,Launch an operation against {enemy} forces gathering on nearby roads.
mission.dyn.savas.desc.ambush,Karavan güzergâhında pusu kuran {enemy} güçlerini püskürt.,Repel {enemy} forces ambushing the caravan route.
mission.dyn.savas.desc.route_fight,Ticaret yolunda şiddetlenen çatışmayı köy merkezine sokmadan sonlandır.,End the escalating fight on the trade route before it reaches the village.
mission.dyn.savas.desc.convoy_security,Konvoy güvenliği için yol bölgesinde {enemy} ile mücadele et.,Secure the convoy by fighting {enemy} along the road.
mission.dyn.kesif.name.explore,{location} Keşfi,{location} Exploration
mission.dyn.kesif.name.survey,{area} Bölgesini Araştır,Survey the {area} Region
mission.dyn.kesif.name.mystery,{location} Gizemini Çöz,Unravel the Mystery of {location}
mission.dyn.kesif.name.resources,{area} Kaynaklarını Bul,Find Resources in {area}
mission.dyn.kesif.name.map,{location} Haritasını Çıkar,Map {location}
mission.dyn.kesif.desc.explore,{location} bölgesini keşfet ve bilinmeyen alanları araştır.,Explore {location} and investigate unknown areas.
mission.dyn.kesif.desc.survey,{area} bölgesindeki kaynakları ve tehlikeleri tespit et.,Identify resources and dangers in the {area} region.
mission.dyn.kesif.desc.mystery,{location} gizemini çöz ve sırları ortaya çıkar.,Solve the mystery of {location} and uncover its secrets.
mission.dyn.kesif.desc.resources,{area} bölgesindeki değerli kaynakları bul.,Find valuable resources in the {area} region.
mission.dyn.kesif.desc.map,{location} için detaylı harita çıkar.,Create a detailed map of {location}.
mission.dyn.ticaret.name.trade,{location} ile Ticaret,Trade with {location}
mission.dyn.ticaret.name.resource,{resource} Ticareti,{resource} Trade
mission.dyn.ticaret.name.market,{location} Pazarı,{location} Market
mission.dyn.ticaret.name.deal,{resource} Anlaşması,{resource} Agreement
mission.dyn.ticaret.name.route,{location} Ticaret Yolu,{location} Trade Route
mission.dyn.ticaret.desc.trade,{location} ile karlı ticaret anlaşması yap.,Make a profitable trade deal with {location}.
mission.dyn.ticaret.desc.resource,{resource} ticareti için anlaşma sağla.,Arrange a deal for {resource} trade.
mission.dyn.ticaret.desc.market,{location} pazarında ticaret yap.,Trade at the {location} market.
mission.dyn.ticaret.desc.deal,{resource} için uzun vadeli anlaşma imzala.,Sign a long-term agreement for {resource}.
mission.dyn.ticaret.desc.route,{location} ile ticaret yolu kur.,Establish a trade route with {location}.
mission.loc.unknown_region,Bilinmeyen Bölge,Unknown Region
mission.loc.trade_hub,Ticaret Merkezi,Trade Hub
mission.loc.diplomatic_hub,Diplomatik Merkez,Diplomatic Center
mission.loc.enemy_territory,Düşman Bölgesi,Enemy Territory
mission.proc.combat.bandit_camp,Bandi Kampını Temizle,Clear the Bandit Camp
mission.proc.combat.ork_attack,Ork Saldırısını Püskürt,Repel the Orc Attack
mission.proc.combat.pirate_ship,Korsan Gemisini Ele Geçir,Capture the Pirate Ship
mission.proc.combat.dragon_lair,Ejder Yuvasını Keşfet,Explore the Dragon Lair
mission.proc.combat.goblin_fort,Goblin Kalesini Fethet,Conquer the Goblin Fort
mission.proc.combat.desc,Düşman güçlerle savaş ve bölgeyi güvence altına al.,Fight enemy forces and secure the region.
mission.proc.explore.west_forest,Batı Ormanlarını Keşfet,Explore the Western Forests
mission.proc.explore.lost_city,Kayıp Şehri Bul,Find the Lost City
mission.proc.explore.secret_cave,Gizli Mağarayı Araştır,Investigate the Secret Cave
mission.proc.explore.ancient_temple,Eski Tapınağı Keşfet,Explore the Ancient Temple
mission.proc.explore.unknown_island,Bilinmeyen Adayı Keşfet,Explore the Unknown Island
mission.proc.explore.desc,Bilinmeyen bölgeleri keşfet ve yeni kaynaklar bul.,Explore unknown regions and find new resources.
mission.proc.trade.neighbor_city,Komşu Şehirle Ticaret,Trade with Neighboring City
mission.proc.trade.sell_goods,Değerli Malları Sat,Sell Valuable Goods
mission.proc.trade.open_route,Ticaret Yolu Aç,Open a Trade Route
mission.proc.trade.setup_market,Pazar Yerini Kur,Set Up a Market
mission.proc.trade.trade_deal,Ticaret Anlaşması Yap,Make a Trade Deal
mission.proc.trade.desc,Ticaret yaparak altın kazan ve ekonomiyi güçlendir.,Earn gold through trade and strengthen the economy.
mission.proc.diplomacy.peace,Barış Anlaşması Yap,Make a Peace Agreement
mission.proc.diplomacy.alliance,İttifak Kur,Form an Alliance
mission.proc.diplomacy.envoy,Elçi Gönder,Send an Envoy
mission.proc.diplomacy.dispute,Anlaşmazlığı Çöz,Resolve a Dispute
mission.proc.diplomacy.trade_treaty,Ticaret Anlaşması İmzala,Sign a Trade Treaty
mission.proc.diplomacy.desc,Diplomatik ilişkiler kurarak barışı sağla.,Establish diplomatic relations and maintain peace.
mission.proc.intel.enemy_plans,Düşman Planlarını Öğren,Learn Enemy Plans
mission.proc.intel.spy_network,Casus Ağı Kur,Build a Spy Network
mission.proc.intel.secret_info,Gizli Bilgi Topla,Gather Secret Information
mission.proc.intel.enemy_forces,Düşman Güçlerini Keşfet,Scout Enemy Forces
mission.proc.intel.insider,İçeriden Bilgi Al,Get Insider Information
mission.proc.intel.desc,Gizli bilgi toplayarak düşman hakkında istihbarat elde et.,Gather intelligence about the enemy.
mission.strategy.savas.0,"Konvoya siper ol, düşmanı uzun mesafeden oyala.",Take cover for the convoy and harass the enemy from range.
mission.strategy.savas.1,"Yemek ve su ile ekibi güçlendir, karşı saldırıya geç.","Strengthen the team with food and water, then counterattack."
mission.strategy.savas.2,İlaç ve erzakla tam baskın: yol kesenleri dağıt.,Full raid with medicine and supplies: scatter the ambushers.
mission.strategy.kesif.0,Hafif erzakla dikkatli keşif.,Careful scouting with light supplies.
mission.strategy.kesif.1,Daha iyi malzeme ve su ile yolu netleştir.,Clear the path with better supplies and water.
mission.strategy.kesif.2,Tam donanımla alanı haritalandır.,Map the area with full equipment.
mission.strategy.ticaret.0,"Temkinli pazarlık yap, kervanı görünmeden geçir.",Negotiate cautiously and pass the caravan unseen.
mission.strategy.ticaret.1,Rüşvet ve ikna ile geçiş aç.,Open passage with bribes and persuasion.
mission.strategy.ticaret.2,"Silahlı refakat kur, hızlı geçiş dene.",Escort with arms and attempt a fast passage.
news.relief.title,Yardım Görevi,Relief Mission
news.relief.body,%s için bir yardım görevi listelendi.,A relief mission was listed for %s.
news.ally_relief.title,Muttefik Yardım,Ally Aid
news.ally_relief.body,%s için yardım görevi açıldı (ittifak).,An aid mission opened for %s (alliance).
news.trade_skill.legendary, (Efsanevi Ticaret Ustası!),(Legendary Merchant!)
news.trade_skill.master, (Ticaret Efendisi),(Trade Master)
news.trade_skill.expert, (Pazarlık Ustası),(Bargain Expert)
news.trade_success.title,Ticaret Başarılı%s,Trade Successful%s
news.trade_success.body,%s %s'ye ticaret görevini tamamladı. +%d altın kazandınız +%d ilişki artışı.,%s completed the trade mission to %s. +%d gold earned +%d relations.
news.effect_ended.title,Etki Sona Erdi,Effect Ended
news.effect_ended.body,%s için %+d etki bitti,Effect %+d ended for %s
news.trader_left.title,Tüccar Ayrıldı,Trader Left
news.trader_left.body,%s köyden ayrıldı.,%s left the village.
news.diplomacy_update.title,Diplomasi Güncellemesi,Diplomacy Update
news.diplomacy_update.body,%s ile ilişkiler %s%d,Relations with %s changed by %s%d
news.raid_opportunity.title,Görev Fırsatı,Mission Opportunity
news.raid_opportunity.body,Savunma ve yağma görevleri listene eklendi,Defense and raid missions added to your list
news.world_event_ended.title,%s Sona Erdi,%s Ended
news.world_event_ended.body,Etki bitti.,The effect has ended.
news.production_effect.title,Üretim Etkisi,Production Effect
news.production_effect.body,%s için %s%d (kaynak: %s),For %s: %s%d (source: %s)
news.conflict.start.title,⚔️ %s %s %s,⚔️ %s %s %s
news.conflict.start.body,%s %s üzerine harekete geçti.,%s moved against %s.
news.conflict.result.title,⚔️ Sonuç: %s,⚔️ Result: %s
news.conflict.result.body,%s | Tür: %s,%s | Type: %s
news.relation_up.title,İlişki Artışı,Relations Increased
news.relation_up.body,%s ile ilişkiler +%d arttı (Yeni: %d),Relations with %s increased by +%d (New: %d)
news.trade_mode.title,Ticaret Modu (%s),Trade Mode (%s)
news.trade_mode.body,%s: %s gün,%s: %s days
news.neighbors_discovered.title,Komşular Tanımlandı,Neighbors Discovered
news.neighbors_discovered.body,%d yerleşim keşfedildi,%d settlements discovered
news.bandit_activity.title,Haydut Faaliyeti,Bandit Activity
news.bandit_activity.body,Yollarda haydutlar arttı. Ticaret riskli.,Bandits increased on the roads. Trade is risky.
news.festival.title,Festival,Festival
news.festival.body,%s'de bereket festivali! Pazarlar canlandı.,Harvest festival in %s! Markets are bustling.
news.plague.title,Salgın,Plague
news.plague.body,Bölgede salgın yayıldı. Üretim düşüyor.,A plague spread in the region. Production is falling.
news.embargo.title,Ticaret Ambargosu,Trade Embargo
news.embargo.body,%s ile %s arasında ticaret askıya alındı.,Trade suspended between %s and %s.
news.caravan_escort.title,Görev: Kervan Eskortu,Mission: Caravan Escort
news.caravan_escort.body,Yeni görev listene eklendi.,A new mission was added to your list.
news.bandit_cleanup.title,Haydut Temizliği,Bandit Cleanup
news.bandit_cleanup.body,Yollardaki haydutları temizlemek için görev listene eklendi. Asker ve cariye ile gönder.,A mission to clear bandits was added. Send soldiers and a concubine.
news.stability_changed.title,İstikrar Değişti,Stability Changed
news.stability_changed.body,Yeni istikrar: %d,New stability: %d
news.raid_chance.title,Baskın Fırsatı,Raid Opportunity
news.raid_chance.body,%s yerleşimine baskın düzenleme fırsatı!,Opportunity to raid settlement %s!
news.map_trade_order.title,Harita Ticaret Emri,Map Trade Order
news.map_trade_order.body,%s ile ticaret görevi oluşturuldu.,Trade mission created with %s.
news.map_diplomacy_order.title,Harita Diplomasi Emri,Map Diplomacy Order
news.map_diplomacy_order.body,%s için diplomasi görevi oluşturuldu.,Diplomacy mission created for %s.
news.battle_victory.title,Savaş Zaferi,Battle Victory
news.battle_victory.body,%s başarıyla tamamlandı! Kazanç: %d altın,%s completed successfully! Gain: %d gold
news.battle_defeat.title,Savaş Yenilgisi,Battle Defeat
news.battle_defeat.body,%s başarısız oldu. Kayıp: %d altın,%s failed. Loss: %d gold
news.unit_loss.title,Asker Kaybı,Unit Loss
news.unit_loss.body,%d %s kaybedildi,%d %s lost
news.building_damaged.title,Bina Hasar Aldı,Building Damaged
news.building_damaged.body,%s hasar aldı.,%s took damage.
news.building_hurt.title,Bina Zarar Gördü,Building Hurt
news.building_hurt.body,%s hasar gördü.,%s was damaged.
news.defense_lost.title,Savunma Kaybı,Defense Lost
news.defense_lost.body,Düşman saldırısı püskürtülemedi. Kaynakların bir kısmı yağmalandı.,The enemy attack was not repelled. Some resources were looted.
wm.mission.strategy.option,Seçenek %d,Option %d
wm.mission.resolve.not_found,Görev bulunamadı.,Mission not found.
wm.mission.resolve.invalid,Görev verisi geçersiz.,Invalid mission data.
wm.mission.resolve.not_available,Görev artık listede değil.,Mission is no longer available.
wm.mission.resolve.not_player_map,Bu görev haritada oyuncu ile tamamlanamaz.,This mission cannot be completed by the player on the map.
wm.mission.resolve.wrong_hex,Konum eşleşmiyor.,Location does not match.
wm.mission.resolve.bad_option,Geçersiz seçenek.,Invalid option.
wm.mission.resolve.bad_strategy,Strateji verisi bozuk.,Strategy data is corrupt.
wm.mission.resolve.insufficient,Yetersiz kaynak (yanındaki erzak veya köy).,Insufficient resources (pack or village).
wm.mission.resolve.spend_failed,Kaynak harcanamadı.,Could not spend resources.
wm.mission.resolve.failed,İşlem yapılamadı.,Operation failed.
wm.mission.resolve.success,Görev başarılı.,Mission successful.
wm.mission.resolve.failure,Görev başarısız; harcadığın kaynak geri dönmez.,Mission failed; spent resources are not refunded.
wm.tooltip.map_mission,Harita görevi,Map mission
wm.tooltip.mission_meta,Tür: %s | Risk: %s,Type: %s | Risk: %s
wm.tooltip.success_chance,Başarı şansı: %d%%,Success chance: %d%%
wm.tooltip.rewards,Ödül: ,Reward: 
wm.tooltip.penalties,Başarısız: ,Failure: 
wm.mission_result.title,Görev Sonucu,Mission Result
wm.mission_result.line,%s — %s,%s — %s
wm.mission_result.success_short,Başarılı,Success
wm.mission_result.fail_short,Başarısız,Failed
wm.mission_result.expedition_gold_plus,  Sefer altını: +%d,  Expedition gold: +%d
wm.mission_result.expedition_gold_minus,  Sefer altını: %d,  Expedition gold: %d
wm.mission_result.pack_reward,  Çanta ödülü: ,  Pack reward: 
wm.mission_result.hp_loss,  Can kaybı: -%.0f,  HP lost: -%.0f
wm.tooltip.dungeon.default_name,Zindan girişi,Dungeon entrance
wm.tooltip.dungeon.enter_hint,Zindana girmek için bu hex'e yürüyüp Onayla'ya bas.,Walk to this hex and press Confirm to enter the dungeon.
wm.tooltip.terrain,Arazi: %s,Terrain: %s
wm.tooltip.forest.title,Orman bölgesi,Forest region
wm.tooltip.forest.hint,Onayla: odun + yiyecek; düz chunklar.,Confirm: wood + food; flat chunks.
wm.tooltip.mountain.title,Dağ bölgesi,Mountain region
wm.tooltip.mountain.hint,Onayla: odun + taş; engebeli chunklar.,Confirm: wood + stone; rugged chunks.
wm.tooltip.river.title,Akarsu bölgesi,River region
wm.tooltip.river.hint,Onayla: su + yiyecek; düz chunklar.,Confirm: water + food; flat chunks.
wm.tooltip.player_village.title,Senin köyün,Your village
wm.tooltip.player_village.hint,Köye girmek için bu hex'e yürüyüp Onayla'ya bas.,Walk to this hex and press Confirm to enter the village.
wm.tooltip.neighbor.undiscovered.title,Komşu yerleşim,Neighboring settlement
wm.tooltip.neighbor.undiscovered.hint,Henüz keşfedilmedi; yaklaştıkça açılır.,Not yet discovered; revealed as you get closer.
wm.tooltip.neighbor.default,Yerleşim,Settlement
wm.tooltip.neighbor.population,Nüfus: ~%d,Population: ~%d
wm.tooltip.neighbor.no_crisis,Kriz: yok,Crisis: none
wm.tooltip.neighbor.crisis,Kriz: %s (şiddet ~%.1f),Crisis: %s (severity ~%.1f)
wm.tooltip.neighbor.days_left,Tahmini kalan: %d gün,Estimated remaining: %d days
wm.incident.wolf_attack,kurt baskını,wolf attack
wm.incident.harvest_failure,kıtlık,famine
wm.incident.migrant_wave,göç dalgası,migration wave
wm.incident.bandit_road,yol haydutları,road bandits
wm.incident.plague_scare,hastalık kaygısı,disease scare
wm.terrain.forest,orman,forest
wm.terrain.mountain,dağ,mountain
wm.terrain.river,akarsu,river
wm.alliance.neighbor_status,Komşu durumu: %s,Neighbor status: %s
wm.alliance.neighbor_status_many,Komşu durumu (%d aktif): %s ...,Neighbor status (%d active): %s ...
wm.alliance.allies_calm,Müttefikler: %d (sakin),Allies: %d (calm)
wm.alliance.aid_call,Müttefik yardım çağrısı: %s,Ally aid call: %s
wm.alliance.aid_reason.crisis,kriz,crisis
wm.alliance.tribute_full,Tribute: ~%d altın + ~%.1f erzak/gün (%d/%d),Tribute: ~%d gold + ~%.1f food/day (%d/%d)
wm.alliance.tribute_gold,Tribute: ~%d altın/gün (%d/%d),Tribute: ~%d gold/day (%d/%d)
wm.alliance.hostile_short,Düşman köyler: %s,Hostile villages: %s
wm.alliance.hostile_long,Düşman köyler: %d (%s ...),Hostile villages: %d (%s ...)
wm.status.missions_completed_at_hex,%d görev hedefte tamamlandı.,%d mission(s) completed at destination.
wm.status.selected_team,Seçili Ekip: %s (%s),Selected Team: %s (%s)
wm.status.team_default,Ekip,Team
mission.worldmap.trade.name,Harita Ticaret: {target},Map Trade: {target}
mission.worldmap.trade.desc,{target} ile harita üzerinden ticaret görevi.,Trade mission with {target} on the map.
mission.worldmap.diplomacy.name,Harita Diplomasi: {target},Map Diplomacy: {target}
mission.worldmap.diplomacy.desc,{target} ile ilişkileri geliştirmek için diplomatik heyet gönder.,Send a diplomatic envoy to improve relations with {target}.
wm.settlement.unnamed,Adsız Köy %s,Unnamed Village %s
wm.settlement.adj.kucuk,Küçük,Small
wm.settlement.adj.buyuk,Büyük,Large
wm.settlement.adj.issiz,Issız,Desolate
wm.settlement.adj.sisli,Sisli,Misty
wm.settlement.adj.ruzgarli,Rüzgarlı,Windy
wm.settlement.adj.yash,Yaşlı,Old
wm.settlement.adj.genc,Genç,Young
wm.settlement.adj.uzak,Uzak,Remote
wm.settlement.adj.yakin,Yakın,Nearby
wm.settlement.adj.yesil,Yeşil,Green
wm.settlement.adj.kuru,Kuru,Dry
wm.settlement.adj.soguk,Soğuk,Cold
wm.settlement.adj.sicak,Sıcak,Hot
wm.settlement.adj.alcak,Alçak,Low
wm.settlement.adj.yuksek,Yüksek,High
wm.settlement.adj.dar,Dar,Narrow
wm.settlement.adj.genis,Geniş,Wide
wm.settlement.adj.sakin,Sakin,Quiet
wm.settlement.adj.gurultulu,Gürültülü,Noisy
wm.settlement.adj.karanlik,Karanlık,Dark
wm.settlement.adj.aydin,Aydın,Bright
wm.settlement.adj.kayip,Kayıp,Lost
wm.settlement.adj.eski,Eski,Ancient
wm.settlement.adj.yeni,Yeni,New
wm.settlement.adj.derin,Derin,Deep
wm.settlement.adj.sig,Sığ,Shallow
wm.settlement.adj.kirli,Kirli,Dirty
wm.settlement.adj.temiz,Temiz,Clean
wm.settlement.adj.yalniz,Yalnız,Lonely
wm.settlement.adj.kalabalik,Kalabalık,Crowded
wm.settlement.adj.sessiz,Sessiz,Silent
wm.settlement.adj.cayir,Çayır,Meadow
wm.settlement.adj.tepeli,Tepeli,Hilly
wm.settlement.adj.vadili,Vadili,Valley
wm.settlement.suffix.koyu,Köyü,Village
wm.settlement.suffix.koy,Köy,Village
wm.settlement.suffix.obasi,Obası,Tribe
wm.settlement.suffix.mezrasi,Mezrası,Hamlet
wm.settlement.suffix.beldesi,Beldesi,Town
wm.settlement.suffix.koylusu,Köylüsü,Village
mc.concubine.empty_list,Henüz cariye yok. Zindandan kurtardıkların burada görünecek.,No concubines yet. Rescued concubines will appear here.
mc.news.random_events.empty,Şu an aktif rastgele olay yok.,No active random events right now.
narrative.news.undiscovered_prefix,Duyum: ,Rumor: 
narrative.mission.relief.mechanical_name,Yardım — %s,Relief — %s
narrative.mission.relief.mechanical_desc,%s köyündeki %s krizine destek gönder.,Send aid to %s facing a %s crisis.
narrative.news.incident.wolf_attack.title,Kurt Baskını,Wolf Attack
narrative.news.incident.wolf_attack.body,%s çevresinde kurt sürüleri görüldü. Güvenlik zayıfladı. (~%d gün),Wolf packs sighted near %s. Security is weakening. (~%d days)
narrative.news.incident.harvest_failure.title,Hasat Başarısızlığı,Poor Harvest
narrative.news.incident.harvest_failure.body,%s bölgesinde hasat düşük. Erzak sıkıntısı büyüyor. (~%d gün),Harvest is poor around %s. Food shortages are growing. (~%d days)
narrative.news.incident.migrant_wave.title,Göç Dalgası,Migration Wave
narrative.news.incident.migrant_wave.body,%s yeni göçmenler alıyor. Nüfus artışıyla düzen zorlanabilir. (~%d gün),%s is receiving migrants. Order may strain under population growth. (~%d days)
narrative.news.incident.bandit_road.title,Yol Haydutları,Road Bandits
narrative.news.incident.bandit_road.body,%s ana yollarında haydut faaliyeti arttı. (~%d gün),Bandit activity has increased on roads near %s. (~%d days)
narrative.news.incident.plague_scare.title,Hastalık Kaygısı,Disease Scare
narrative.news.incident.plague_scare.body,%s civarında salgın dedikoduları düzeni sarsıyor. (~%d gün),Plague rumors near %s are shaking local order. (~%d days)
narrative.news.settlement_incident.title,Yerleşim Krizi,Settlement Crisis
narrative.news.settlement_incident.body,%s — %s bildirildi. (~%d gün),%s — %s reported. (~%d days)
narrative.news.alliance_aid.title,Muttefik Yardım Çağrısı,Ally Aid Call
narrative.news.alliance_aid.body,%s muttefik yardım talep ediyor.,%s requests aid.
narrative.news.dynamic_mission.title,Yeni Görev Fırsatı,New Mission
narrative.news.dynamic_mission.body,Görev panosuna yeni bir iş eklendi: %s.,A new task was added to the mission board: %s.
narrative.news.procedural.title,Görev Fırsatı,Mission Opportunity
narrative.news.procedural.body,Yeni bir görev fırsatı doğdu: %s.,A new mission opportunity appeared: %s.
narrative.news.conflict_start.title,Çatışma Başladı,Conflict Started
narrative.news.conflict_start.body,%s ile %s arasında %s başladı.,%s and %s — %s has begun.
narrative.news.conflict_result.title,Çatışma Sonucu,Conflict Result
narrative.news.conflict_result.body,%s — %s,%s — %s
narrative.news.conflict_defend.title,Savunma Yardımı,Defense Aid
narrative.news.conflict_defend.body,%s savunması için yardım gerekiyor.,Aid needed to defend %s.
narrative.news.conflict_raid.title,Baskın Fırsatı,Raid Opportunity
narrative.news.conflict_raid.body,%s hedefine baskın planlanabilir.,A raid against %s may be planned.
narrative.news.world_event.title,Dünya Olayı,World Event
narrative.news.world_event.body,Yeni bir dünya olayı: %s.,A new world event: %s.
narrative.news.worldmap_trade.title,Harita Ticaret Emri,Map Trade Order
narrative.news.worldmap_trade.body,%s ile ticaret görevi hazır.,Trade mission ready with %s.
narrative.news.worldmap_diplomacy.title,Diplomasi Emri,Diplomacy Order
narrative.news.worldmap_diplomacy.body,%s ile diplomasi görevi hazır.,Diplomacy mission ready with %s.
narrative.news.worldmap_raid.title,Harita Baskını,Map Raid
narrative.news.worldmap_raid.body,%s hedefine baskın görevi açıldı.,Raid mission opened against %s.
narrative.news.defense_dict.title,Savunma Görevi,Defense Mission
narrative.news.defense_dict.body,%s saldırısına karşı köy savunması planlandı.,Village defense planned against %s attack.
narrative.news.bandit_clear.title,Haydut Temizliği,Bandit Cleanup
narrative.news.bandit_clear.body,Yollarda haydut faaliyeti arttı.,Bandit activity on the roads has increased.
narrative.news.plague_aid.title,Salgın Yardımı,Plague Relief
narrative.news.plague_aid.body,Salgından etkilenen bölgelere yardım gerekiyor.,Aid needed for plague-stricken regions.
narrative.news.escort.title,Kervan Koruma,Caravan Escort
narrative.news.escort.body,Bir kervanın güvenli geçişi için destek isteniyor.,Support requested for a caravan's safe passage.
narrative.news.special_elite.title,Elit Sözleşme,Elite Contract
narrative.news.special_elite.body,Yüksek itibar sayesinde elit bir sözleşme geldi.,An elite contract arrived thanks to high reputation.
narrative.news.special_emergency.title,Acil Müdahale,Emergency Response
narrative.news.special_emergency.body,Dünya istikrarı için acil müdahale gerekiyor.,Emergency response needed for world stability.
narrative.news.village_macro.title,Köy Bildirimi,Village Notice
narrative.news.village_macro.body,%s,%s
narrative.news.village_news.title,Köy Haberi,Village News
narrative.news.village_news.body,%s,%s
narrative.news.village_surface_traveler.title,Seyyah Ziyareti,Traveler Visit
narrative.news.village_surface_traveler.body,Bir seyyah köyünüze uğradı. Not: %s.,A traveler visited your village. Note: %s.
narrative.news.village_surface_resource_discovery.title,Kaynak Keşfi,Resource Discovery
narrative.news.village_surface_resource_discovery.body,Köy yakınlarında yeni bir kaynak keşfedildi.,A new resource was discovered near the village.
narrative.news.village_surface_windfall.title,Bolluk,Windfall
narrative.news.village_surface_windfall.body,Köyde beklenmedik bir bolluk yaşandı.,An unexpected windfall in the village.
narrative.news.village_surface_minor_accident.title,Küçük Kaza,Minor Accident
narrative.news.village_surface_minor_accident.body,Köyde küçük bir kaza meydana geldi.,A minor accident occurred in the village.
narrative.news.village_surface_immigration.title,Göç Dalgası,Immigration Wave
narrative.news.village_surface_immigration.body,Köye yeni göçmenler geldi.,New immigrants arrived in the village.
narrative.news.village_surface_immigration_failed.title,Göç Durduruldu,Immigration Halted
narrative.news.village_surface_immigration_failed.body,Barınak yetersiz — göç dalgası durduruldu.,Insufficient housing — immigration wave halted.
narrative.news.village_surface_trade_caravan_miss.title,Tüccar Gelmedi,Trader Missed
narrative.news.village_surface_trade_caravan_miss.body,Beklenen tüccar köye ulaşamadı.,The expected trader did not reach the village.
narrative.news.village_surface_cariye_shortage.title,Cariye İhtiyacı,Concubine Shortage
narrative.news.village_surface_cariye_shortage.body,Haftalık cariye ihtiyacı karşılanamadı.,Weekly concubine requirement was not met.
narrative.news.village_event_raid.title,Baskın Uyarısı,Raid Warning
narrative.news.village_event_raid.body,%s saldırısı %d gün sonra bekleniyor! Askerlerinizi hazırlayın!,%s attack expected in %d days! Prepare your soldiers!
narrative.news.village_event_worker_strike.title,İşçi Grevi,Worker Strike
narrative.news.village_event_worker_strike.body,%s üretimi durdu (%s).,%s production halted (%s).
narrative.news.village_event_drought.title,Kuraklık,Drought
narrative.news.village_event_drought.body,Köyde kuraklık etkisi başladı. Süre: %d gün.,Drought effects began in the village. Duration: %d days.
narrative.news.village_event_famine.title,Kıtlık,Famine
narrative.news.village_event_famine.body,Köyde kıtlık baskısı arttı. Süre: %d gün.,Famine pressure increased in the village. Duration: %d days.
narrative.news.village_event_disease.title,Hastalık,Disease
narrative.news.village_event_disease.body,Köyde hastalık yayılmaya başladı. Süre: %d gün.,Disease is spreading in the village. Duration: %d days.
narrative.news.village_event_bandit_activity.title,Haydut Faaliyeti,Bandit Activity
narrative.news.village_event_bandit_activity.body,Köy çevresinde haydut faaliyeti arttı.,Bandit activity increased around the village.
narrative.mission.alliance_aid.mechanical_name,Muttefik Yardımı — %s,Ally Aid — %s
narrative.mission.alliance_aid.mechanical_desc,%s muttefik yardım çağrısına yanıt ver.,Respond to ally aid call at %s.
narrative.mission.bandit_clear.mechanical_name,Haydut Temizliği,Bandit Cleanup
narrative.mission.bandit_clear.mechanical_desc,Yollardaki haydutları temizle.,Clear bandits from the roads.
narrative.mission.plague_aid.mechanical_name,Salgın Yardımı,Plague Relief
narrative.mission.plague_aid.mechanical_desc,Salgından etkilenen bölgelere yardım ulaştır.,Deliver aid to plague-stricken regions.
narrative.mission.escort.mechanical_name,Kervan Koruma,Caravan Escort
narrative.mission.escort.mechanical_desc,Kervanı güvenle hedefe ulaştır.,Escort the caravan safely to its destination.
narrative.mission.conflict_defend.mechanical_name,Savunma: %s,Defense: %s
narrative.mission.conflict_defend.mechanical_desc,%s savunmasına destek ol.,Support the defense of %s.
narrative.mission.conflict_raid.mechanical_name,Baskın: %s,Raid: %s
narrative.mission.conflict_raid.mechanical_desc,%s hedefine baskın düzenle.,Launch a raid against %s.
narrative.mission.defense_dict.mechanical_name,Savunma: %s,Defense: %s
narrative.mission.defense_dict.mechanical_desc,%s saldırısına karşı köyü savun.,Defend the village against %s attack.
narrative.mission.worldmap_trade.mechanical_name,Ticaret: %s,Trade: %s
narrative.mission.worldmap_trade.mechanical_desc,%s ile ticaret görevini tamamla.,Complete the trade mission with %s.
narrative.mission.worldmap_diplomacy.mechanical_name,Diplomasi: %s,Diplomacy: %s
narrative.mission.worldmap_diplomacy.mechanical_desc,%s ile diplomasi görevini tamamla.,Complete the diplomacy mission with %s.
narrative.mission.worldmap_raid.mechanical_name,Baskın: %s,Raid: %s
narrative.mission.worldmap_raid.mechanical_desc,%s hedefine baskın düzenle.,Launch a raid against %s.
narrative.mission.incident_relief.mechanical_name,Yardım — %s,Relief — %s
narrative.mission.incident_relief.mechanical_desc,%s köyündeki %s krizine destek gönder.,Send aid to %s facing a %s crisis.
battle.unit_count,Oyuncu: %d | Düşman: %d,Player: %d | Enemy: %d
battle.player_won,PLAYER KAZANDI!,PLAYER WINS!
battle.enemy_won,DÜŞMAN KAZANDI!,ENEMY WINS!
battle.draw,BERABERE!,DRAW!
village.button.open_worker_ui,Kamp Ateşi,Camp Fire
village.button.open_cariye_ui,Cariye,Cariye
village.button.open_build_ui,İnşa,Build
village.button.add_villager,Köylü lütfen,"Villager, please"
door.status.open,Açık,Open
door.status.locked_enemy_key,Kilitli — anahtar düşmanında,Locked — key is on an enemy
door.status.key_required_icon,🔒 Anahtar gerekli,🔒 Key required
door.status.key_required,Anahtar gerekli,Key required
door.status.locked_icon,🔒 Kilitli,🔒 Locked
door.status.alarm_search_enemy,Alarm! Anahtar için düşman ara,Alarm! Search an enemy for the key
door.status.locked,Kilitli!,Locked!
door.status.key_on_enemy,Anahtar düşmanında — yen ve al,The key is on an enemy — defeat it and take it
door.status.key_required_exclaim,Anahtar gerekli!,Key required!
door.status.defeat_boss,Boss'u yen!,Defeat the boss!
door.status.up_hint,↑ Yukarı,↑ Up
challenge.door.safe,Güvenli,Safe
challenge.modifier.no_parry,Parry yok,No parry
challenge.modifier.no_heal,İyileşme yok,No healing
challenge.modifier.night_mode,Gece,Night
challenge.modifier.light_only,Sadece hafif saldırı,Light attacks only
camp.door.exit_dungeon,Zindandan Çık,Exit the Dungeon
camp.door.secret_passage,Gizli Geçit,Secret Passage
camp.entry.choose_door,Bir kapı seç — zindana in,Choose a door — descend into the dungeon
camp.entry.go_deeper,Derinlere in — bir kapı seç,Descend deeper — choose a door
camp.entry.warmup_1,Dış koridor — kısa keşif,Outer corridor — a short exploration
camp.entry.warmup_2,İki kat aşağı — zindan açılıyor,Two floors down — the dungeon opens up
camp.entry.warmup_default,Derin keşif — patron henüz yok,Deep exploration — no boss yet
fountain.heal_disabled,Bu bölümde iyileşme kapalı,Healing is disabled in this segment
fountain.drink_prompt,E veya Yukarı - Su iç (can),E or Up - Drink (heal)
fountain.used,Kullanıldı,Used
portal.return_to_village,⬆ Köye Dön,⬆ Return to Village
portal.death_label,Ölüm,Death
lockpick.hint,İğne yeşil penceredeyken vur! (Zıpla / Onay),Hit when the needle is in the green window! (Jump / Confirm)
lockpick.rescued_next,%d. köylü kurtarıldı! Sıradaki kilit daha sağlam...,Villager %d rescued! The next lock is tougher...
lockpick.solid_hit,Sağlam vuruş!,Solid hit!
lockpick.missed,Elini demire çarptın! (%d hak kaldı),You hit the iron! (%d chances left)
lockpick.all_rescued,Tüm köylüler kurtarıldı!,All villagers rescued!
lockpick.partial_rescue,"%d köylü kurtarıldı, %d hücrede kaldı...","%d villagers rescued, %d remain in the cell..."
lockpick.lock_failed,Kilit açılamadı...,Couldn't break the lock...
lockpick.title,Kilidi Kır! (%d köylü),Break the Lock! (%d villagers)
dealduel.title,%s ile İkna Düellosu,Persuasion Duel with %s
dealduel.name_left,Sen,You
dealduel.impatient,%s sabırsızlandı! (-1),%s grew impatient! (-1)
dealduel.hint,Cariyenin hamlesiyle AYNI renkteki bölgede tuşa bas! (Zıpla / Onay),Press in the zone that matches her move! (Jump / Confirm)
dealduel.bluff_prefix,Fikrini değiştirdi! ,She changed her mind! 
dealduel.perfect_hit,Tam yerine oturdu! (+2),Perfect fit! (+2)
dealduel.effective,Etkili söz. (+1),Effective words. (+1)
dealduel.countered,%s lafı gediğine koydu! (-1),%s had the perfect comeback! (-1)
dealduel.won_convinced,%s ikna oldu!,%s is convinced!
dealduel.win_quote,Peki... Seninle geliyorum.,Fine... I'll come with you.
dealduel.won_lost,%s sözü kazandı.,%s won the argument.
dealduel.lose_quote,Ben burada kalıyorum. Git başımdan.,I'm staying here. Leave me alone.
dealduel.perfect_banner,TAM İSABET!,PERFECT HIT!
dealduel.stance.duygu.name,Duygu Sömürüsü,Emotional Manipulation
dealduel.stance.duygu.counter,Güven Ver,Reassure Her
dealduel.stance.duygu.quote1,"Beni burada bırakacaksın, değil mi...?","You're going to leave me here, aren't you...?"
dealduel.stance.duygu.quote2,Kimsem yok benim...,I have no one...
dealduel.stance.duygu.quote3,Sana nasıl güveneyim?,How can I trust you?
dealduel.stance.pazarlik.name,Pazarlık,Bargaining
dealduel.stance.pazarlik.counter,Cazip Teklif,Sweeten the Deal
dealduel.stance.pazarlik.quote1,Gelirim ama şartlarım var.,"I'll come, but I have conditions."
dealduel.stance.pazarlik.quote2,Bana ne vereceksin?,What will you give me?
dealduel.stance.pazarlik.quote3,Bedava iş yok bu dünyada.,Nothing's free in this world.
dealduel.stance.naz.name,Naz,Playing Hard to Get
dealduel.stance.naz.counter,Blöfü Gör,See Through the Bluff
dealduel.stance.naz.quote1,Belki de burada kalmak istiyorum.,Maybe I want to stay here.
dealduel.stance.naz.quote2,Neden seninle geleyim ki?,Why would I come with you?
dealduel.stance.naz.quote3,Beni etkilemen gerek.,You'll have to impress me.
minigame.forest_fruit.title,Meyve Toplama (Placeholder),Fruit Gathering (Placeholder)
minigame.forest_fruit.description,Attack tuşu ile havadaki meyveleri yakala.,Use the attack button to catch fruit in the air.
minigame.forest_fruit.failure,Jump tuşu ile iptal et.,Use the jump button to cancel.
mc.news.time_label,🕐 Son Güncelleme: Şimdi,🕐 Last Update: Now
mc.concubine.title,👤 CARİYE DETAYLARI,👤 CONCUBINE DETAILS
mc.concubine.back,← Geri Dön,← Go Back
mc.concubine.list_title,📋 CARİYE LİSTESİ,📋 CONCUBINE LIST
mc.concubine.details_title,📊 DETAYLI BİLGİLER,📊 DETAILED INFO
mc.concubine.achievements_title,🏆 Özel Başarılar,🏆 Special Achievements
mc.concubine.controls,KONTROLLER: [Yukarı/Aşağı: Cariye seçimi] [A: Detay] [B: Geri],CONTROLS: [Up/Down: Select concubine] [A: Detail] [B: Back]
menu.beta_footer,Beta Yapım Aşaması,Beta Under Development
item_selection.active_items,Aktif Item'lar: ,Active Items: 
concubine.unnamed,İsimsiz Cariye,Unnamed Concubine
chest.name,Sandık,Chest
campfire.title,Kamp Ateşi,Campfire
campfire.subtitle,Dinlen ve zamanı ilerlet,Rest and pass time
inventor.title,Mucit Odası,Inventor's Workshop
inventor.manager_missing,MetaUpgradeManager bulunamadı.,MetaUpgradeManager not found.
inventor.village_stock,Köy stoku: ,Village stock: 
inventor.max_level,✓ Maksimum seviyeye ulaştın.,✓ You've reached the maximum level.
inventor.next_level_cost,Sıradaki seviye maliyeti: %s   [Satın almak için seç],Next level cost: %s   [Select to purchase]
inventor.nav_hint_gamepad,[↑↓◄►] Geliştirme seç   [A] Satın al   [B] Kapat,[↑↓◄►] Select upgrade   [A] Purchase   [B] Close
inventor.nav_hint_keyboard,[↑↓◄►] Geliştirme seç   [Enter] Satın al   [Esc] Kapat,[↑↓◄►] Select upgrade   [Enter] Purchase   [Esc] Close
card_draft.mentor_suggestion,Mentor'un Önerisi,The Mentor's Suggestion
card_draft.hint,Bir seçenek belirle — görülüp seçilmeyenler bu oyunda bir daha çıkmaz.,Choose an option — the ones you don't pick won't appear again this game.
card_draft.select,Seç,Select
card_draft.village_path,Köyün Yolu,The Village's Path
card_draft.village_path_subtitle,"Nüfusun büyüdü. Köyün nasıl büyüyeceğini seç — bu seçim, önünde açılacak kart yolunu belirler.",Your population has grown. Choose how your village will grow — this choice determines the card path ahead of you.
card_draft.dilemma,İkilem,Dilemma
card_draft.dilemma_subtitle,%s yolunun bir dönüm noktası — sadece biri seçilebilir.,A turning point on the %s path — only one can be chosen.
card_draft.pick_card_subtitle,%s yolundan bir kart seç.,Choose a card from the %s path.
npc_window.diary_title,📖 Günlük,📖 Diary
npc_window.diary_empty,Henüz kayda değer bir hikâyesi yok.,No notable story yet.
npc_window.send,Gönder,Send
mentor_brief.tab_missions,Görevler,Missions
mentor_brief.tab_combat,Savaş Geçmişi,Combat History
mentor_brief.scroll_hint,↑ ↓ kaydır  ·  Q/E sekme,↑ ↓ scroll  ·  Q/E tab
mentor_brief.show_details,▸ detaylar için tıkla,▸ click for details
mentor_brief.hide_details,▾ detayları gizle,▾ hide details
plot.upgrade,Yükselt,Upgrade
plot.build_house,Ev İnşa Et,Build House
plot.weaponize,Silahlandır,Weaponize
plot.inventor_upgrades,Yükseltmeler,Upgrades
plot.demolish,Yık,Demolish
plot.upgrading,Yükseltiliyor...,Upgrading...
plot.upgrade_leveled,Yükselt (Lv.%d),Upgrade (Lv.%d)
plot.building,İnşa ediliyor...,Building...
npc_window.message_placeholder,Mesajınızı yazın...,Type your message...
npc_window.age_suffix,%s yaş,%s years old
npc_window.formerly,Eskiden: %s,Formerly: %s
npc_window.currently,Şu an: %s,Currently: %s
npc_window.mood_label,Ruh hali: %s,Mood: %s
npc_window.health_label,Sağlık: %s,Health: %s
npc_window.gender_male,Erkek,Male
npc_window.gender_female,Kadın,Female
npc_window.idle,Boşta,Idle
npc_window.soldier,Asker,Soldier
item.ates_topu_dususu.name,Ateş Topu Düşüşü,Fireball Drop
item.ates_topu_dususu.description,"Fall attack alev patlaması (hasar + yanma, 10 sn cooldown)","Fall attack causes a fire explosion (damage + burn, 10s cooldown)"
item.atesli_kayma.name,Ateşli Kayma,Fiery Slide
item.atesli_kayma.description,Kayarken yere ateş bırakır; değen düşmanlar 1 ateş stack alır,Leaves fire on the ground while sliding; enemies that touch it get 1 fire stack
item.atesli_yumruk.name,Ateşli Yumruk,Fiery Fist
item.atesli_yumruk.description,"Light attack'lar yakar (1 hasar/sn, 3 tick, max 3 stack)","Light attacks burn (1 damage/sec, 3 ticks, max 3 stacks)"
item.ayran.name,Ayran,Ayran
item.ayran.description,Stamina regen +%50,Stamina regen +50%
item.baklava.name,Baklava,Baklava
item.baklava.description,+1 Stamina Bar,+1 Stamina Bar
item.barut_zirhi.name,Barut Zırhı,Gunpowder Armor
item.barut_zirhi.description,Patlama kaynaklı tüm hasara bağışıklık,Immunity to all explosion damage
item.berserker_ruhu.name,Berserker Ruhu,Berserker Spirit
item.berserker_ruhu.description,Canın azaldıkça verdiğin hasar artar (en fazla iki kat). Daha fazla hasar alırsın.,Damage dealt increases as your health drops (up to double). You take more damage.
item.buz_cagi.name,Buz Çağı,Ice Age
item.buz_cagi.description,"Fall attack donma dalgası (yakındakileri yavaşlatır, 10 sn cooldown)","Fall attack creates a freezing wave (slows nearby enemies, 10s cooldown)"
item.buzlu_kayma.name,Buzlu Kayma,Icy Slide
item.buzlu_kayma.description,Kayarken yere buz bırakır; değen düşmanlar 1 buz stack alır,Leaves ice on the ground while sliding; enemies that touch it get 1 ice stack
item.buzlu_kilic.name,Buzlu Kılıç,Icy Sword
item.buzlu_kilic.description,"Light attack'lar yavaşlatır (1-5 stack %%20, 6-10 %%40, 11-15 %%60; 1/s decay)","Light attacks slow (1-5 stacks %%20, 6-10 %%40, 11-15 %%60; decays 1/s)"
item.cenk_meydani.name,Cenk Meydanı,Battlefield
item.cenk_meydani.description,Ağır saldırı %40 genişler ve 3 düşmana birden vurabilir,Heavy attack range +40% and can hit up to 3 enemies at once
item.ceset_tekmesi.name,Ceset Tekmesi,Corpse Kick
item.ceset_tekmesi.description,"Dodge ile cesedin içinden geçince ceset fırlar, çarptığı düşmana hasar verir","Dodging through a corpse launches it, damaging the enemy it hits"
item.cevher_dili.name,Cevher Dili,Ore Tongue
item.cevher_dili.description,Hafif saldırılar staminayla elemental patlamaya dönüşür (×2.5 + alan hasarı),Light attacks convert into an elemental explosion using stamina (x2.5 + area damage)
item.cift_vurus.name,Çift Vuruş,Double Strike
item.cift_vurus.description,Light attack'lar 2 kez vurur (%60 hasar),Light attacks hit twice (60% damage)
item.cift_ziplama.name,Çift Zıplama,Double Jump
item.cift_ziplama.description,"3. zıplama hakkı; 3. zıplamada altında patlama olur, can gider","Grants a 3rd jump; the 3rd jump triggers an explosion below you, costing health"
item.combo_ustasi.name,Combo Ustası,Combo Master
item.combo_ustasi.description,Combo hasarı +%20,Combo damage +20%
item.cuppe_degil_zirh.name,Cüppe Değil Zırh,"Armor, Not a Robe"
item.cuppe_degil_zirh.description,"Element hasarı verdikçe kalkan biriktirirsin (max %30 max can, 3sn hasarsızlıkta sıfırlanır)","Dealing elemental damage builds a shield (max 30% of max health, resets after 3s without taking damage)"
item.demir_kalkan.name,Demir Kalkan,Iron Shield
item.demir_kalkan.description,Block hasar azaltma %90,Block damage reduction 90%
item.dikenli_kalkan.name,Dikenli Kalkan,Spiked Shield
item.dikenli_kalkan.description,Yediğin hasar saldırgana yansır (blok şart değil),Damage you take reflects onto the attacker (blocking not required)
item.dodge_bombasi.name,Dodge Bombası,Dodge Bomb
item.dodge_bombasi.description,Dodge kullandığında arkanda bomba bırakır,Leaves a bomb behind you when you dodge
item.dodge_zehiri.name,Dodge Zehiri,Dodge Poison
item.dodge_zehiri.description,Dodge kullandığında arkanda zehir bulutu bırakırsın,Leaves a poison cloud behind you when you dodge
item.donma_cekici.name,Donma Çekici,Freezing Hammer
item.donma_cekici.description,"Heavy attack donma AoE (yavaşlatma, 8 sn cooldown)","Heavy attack creates a freezing AoE (slow, 8s cooldown)"
item.duvar_ustasi.name,Duvar Ustası,Wall Master
item.duvar_ustasi.description,Duvarda bir süre yerçekimine karşı durabilirsin,You can resist gravity on walls for a while
item.element_degisimi.name,Element Değişimi,Element Shift
item.element_degisimi.description,Her 4. vuruşta aktif elementlerinden biri 3 kat güçte patlar,"Every 4th hit, one of your active elements explodes at 3x power"
item.element_izi.name,Element İzi,Element Trail
item.element_izi.description,"Dodge, aktif elementinin zemin izini bırakır",Dodging leaves a ground trail of your active element
item.elemental_odak.name,Elemental Odak,Elemental Focus
item.elemental_odak.description,"Elemental hasar (zehir, ateş, buz, şimşek) +%300 artar. Fiziksel hasar -%75 düşer.","Elemental damage (poison, fire, ice, lightning) increases +300%. Physical damage decreases -75%."
item.falci_kadin.name,Falcı Kadın,Fortune Teller
item.falci_kadin.description,İtem seçeneklerinden biri build'ine yakın kategoriden gelme eğilimi kazanır,One of your item choices leans toward a category close to your build
item.firlatma_parry.name,Fırlatma Parry,Launch Parry
item.firlatma_parry.description,"Parry sonrası zıplama tuşu, düşmanı havaya fırlatır",Pressing jump after a parry launches the enemy into the air
item.flank_avantaji.name,Flank Avantajı,Flank Advantage
item.flank_avantaji.description,Düşmana arkadan vurduğunda +%50 hasar verir. Görünmezlikle birleşince çok güçlü.,Deals +50% damage when hitting an enemy from behind. Very strong combined with invisibility.
item.genis_darbe.name,Geniş Darbe,Wide Strike
item.genis_darbe.description,Light attack vurduğunda yakındaki düşmanlara %40 hasar,Light attack hits deal 40% damage to nearby enemies
item.genis_dusus.name,Geniş Düşüş,Wide Fall
item.genis_dusus.description,Fall attack 2 düşmana vurabilir,Fall attack can hit 2 enemies
item.gerilmis_yay.name,Gerilmiş Yay,Drawn Bow
item.gerilmis_yay.description,"Hafif saldırıyı basılı tutup bırakırsan, şarj oranlı güçlü bir mermi fırlatırsın",Hold and release light attack to fire a powerful projectile scaled by charge time
item.gok_gurultusu.name,Gök Gürültüsü,Thunderclap
item.gok_gurultusu.description,Heavy attack şimşek indirir (8 sn cooldown),Heavy attack calls down lightning (8s cooldown)
item.gokten_dusus.name,Gökten Düşüş,Fall From the Sky
item.gokten_dusus.description,Fall attack hasarı +%30,Fall attack damage +30%
item.golge_adimi.name,Gölge Adımı,Shadow Step
item.golge_adimi.description,"Parry sonrası eğilme tuşu, düşmanın arkasına ışınlar",Pressing crouch after a parry teleports you behind the enemy
item.golge_pelerini.name,Gölge Pelerini,Cloak of Shadows
item.golge_pelerini.description,Düşmanların görüş menzili -%20,Enemy sight range -20%
item.gorunmezlik_pelerini.name,Görünmezlik Pelerini,Cloak of Invisibility
item.gorunmezlik_pelerini.description,Dodge veya dash atıldığında 3 saniye yarı saydam olursun; düşmanlar seni zor görür ve aggro bırakır.,Dodging or dashing makes you semi-transparent for 3 seconds; enemies struggle to see you and drop aggro.
item.guc_kayasi.name,Güç Kayası,Stone of Power
item.guc_kayasi.description,Heavy attack hasarı +%30,Heavy attack damage +30%
item.hacivat_golgesi.name,Hacivat'ın Gölgesi,Hacivat's Shadow
item.hacivat_golgesi.description,"Ortaoyunu gölgesi elemental saldırılarını taklit eder. Zehir, ateş, buz veya şimşek vurdukça gölge de aynı elementi uygular.","Your Ortaoyunu shadow mimics your elemental attacks. When you hit with poison, fire, ice, or lightning, the shadow applies the same element."
item.havada_kal.name,Havada Kal,Stay Airborne
item.havada_kal.description,Jump basılı tutunca düşerken süzülürsün,Holding jump lets you glide while falling
item.hayalet_adim.name,Hayalet Adım,Ghost Step
item.hayalet_adim.description,"Dodge sırasında eğilme, sahte kopya bırakıp geriye ışınlar",Pressing crouch during a dodge leaves a decoy and teleports you backward
item.hizlanan_yumruk.name,Hızlanan Yumruk,Accelerating Fist
item.hizlanan_yumruk.description,Light attack vurdukça 2 sn %20 hareket hızı,Landing light attacks grants +20% move speed for 2s
item.hizli_charge.name,Hızlı Charge,Fast Charge
item.hizli_charge.description,Heavy attack charge süresi -%50,Heavy attack charge time -50%
item.hizli_el.name,Hızlı El,Quick Hand
item.hizli_el.description,Light attack hızı +%25,Light attack speed +25%
item.ikinci_nefes.name,İkinci Nefes,Second Wind
item.ikinci_nefes.description,İlk ölümde 1 canla dirilirsin (tek kullanım),Revive with 1 HP on your first death (one-time use)
item.kalkan_ustasi.name,Kalkan Ustası,Shield Master
item.kalkan_ustasi.description,Block %90 hasar engeller,Block prevents 90% damage
item.kan_bedeli.name,Kan Bedeli,Blood Price
item.kan_bedeli.description,"Stamina bittiğinde, güç asla reddedilmez — bedel candan kesilir","When stamina runs out, power is never denied -- the cost is paid in health instead"
item.kan_tadi.name,Kan Tadı,Taste of Blood
item.kan_tadi.description,Vuruş isabet ettikçe güçlenirsin (en fazla 3 stack). Her stack: +%10 saldırı ve hareket hızı.,Landing hits makes you stronger (up to 3 stacks). Each stack: +10% attack and move speed.
item.kara_barut.name,Kara Barut,Black Powder
item.kara_barut.description,"Patlama yarıçapı +%30, ama her patlama sana da az tepme hasarı verir","Explosion radius +30%, but every explosion also deals a small amount of recoil damage to you"
item.karagoz_laneti.name,Karagöz'ün Laneti,Karagoz's Curse
item.karagoz_laneti.description,Ortaoyunu gölgesi fiziksel saldırılarını taklit eder. Sen vurdukça gölge de kendi yönüne saldırır.,"Your Ortaoyunu shadow mimics your physical attacks. When you land a hit, the shadow attacks in its own direction too."
item.kartal_bakisi.name,Kartal Bakışı,Eagle Eye
item.kartal_bakisi.description,Mermilerin menzili sınırsızdır; 300px+ mesafeden isabet kritik sayılır,Projectiles have unlimited range; hits from 300px+ away count as critical
item.kaygan_yag.name,Kaygan Yağ,Slippery Oil
item.kaygan_yag.description,Slide mesafesi +%100,Slide distance +100%
item.keskin_nazar.name,Keskin Nazar,Piercing Evil Eye
item.keskin_nazar.description,"%15 kritik şansı, kritikler %75 fazla hasar verir","15% critical chance, critical hits deal 75% extra damage"
item.kum_saati.name,Kum Saati,Hourglass
item.kum_saati.description,"Zaman Durdurucu ile: zaman 2x daha yavaş akar, 4 sn sürer.","With Time Stopper: time flows 2x slower, lasting 4 seconds."
item.kus_kanadi.name,Kuş Kanadı,Bird's Wing
item.kus_kanadi.description,"Triple jump, air kontrolü %75 azalır",Grants a triple jump; air control reduced by 75%
item.lav_cekici.name,Lav Çekici,Lava Hammer
item.lav_cekici.description,Heavy attack alev topu fırlatır; değen düşman yanar (8 sn cooldown),Heavy attack hurls a fireball; enemies hit catch fire (8s cooldown)
item.les_gazi.name,Leş Gazı,Carrion Gas
item.les_gazi.description,Elit düşman cesedine vurunca zehirli gaz bulutu patlar,Hitting an elite enemy's corpse releases a cloud of poison gas
item.miknatis.name,Mıknatıs,Magnet
item.miknatis.description,Belli mesafeden paraları oyuncuya doğru çeker,Pulls gold toward the player from a set distance
item.nazar_boncugu.name,Nazar Boncuğu,Evil Eye Bead
item.nazar_boncugu.description,10 saniyede bir yenilenen kalkan. İlk gelen hasarı tamamen durdurur.,A shield that recharges every 10 seconds. Completely blocks the first hit of damage.
item.ok_yagmuru.name,Ok Yağmuru,Arrow Rain
item.ok_yagmuru.description,Ağır saldırı ayrıca ileri projectile fırlatır,Heavy attack also fires a forward projectile
item.olumcul_sukut.name,Ölümcül Sükût,Fatal Silence
item.olumcul_sukut.description,Blok veya parry yaptıktan sonraki ilk hafif saldırın ekstra hasar verir.,Your first light attack after a block or parry deals extra damage.
item.ortaoyunu.name,Ortaoyunu,Ortaoyunu
item.ortaoyunu.description,Dodge veya dash bastığında arkanda gölge bir kopya bırakırsın. Düşmanlar ona saldırabilir ama hasar almaz. 3 sn sonra kaybolur.,Dodging or dashing leaves a shadow copy of yourself behind. Enemies can attack it but it takes no damage. Disappears after 3 seconds.
item.pala_kilici.name,Pala Kılıcı,Cutlass
item.pala_kilici.description,Hafif saldırılar 2 düşmana birden vurabilir,Light attacks can hit 2 enemies at once
item.panzehir_derisi.name,Panzehir Derisi,Antidote Skin
item.panzehir_derisi.description,Zehir tuzaklarına ve bulutlarına bağışıklık,Immunity to poison traps and clouds
item.parry_ruhu.name,Parry Ruhu,Parry Spirit
item.parry_ruhu.description,Perfect parry sonrası stamina restore +1,Perfect parry restores +1 stamina
item.parry_ustasi.name,Parry Ustası,Parry Master
item.parry_ustasi.description,Perfect parry penceresi +%40,Perfect parry window +40%
item.patlama_topuzu.name,Patlama Topuzu,Explosive Mace
item.patlama_topuzu.description,Heavy attack patlama yaratır (yakındaki düşmanlara hasar). Charge süresi +%30,Heavy attack creates an explosion (damages nearby enemies). Charge time +30%
item.patlama_zinciri.name,Patlama Zinciri,Chain Explosion
item.patlama_zinciri.description,Öldürdüğün düşman 2 sn sonra patlar (düşman + oyuncu hasar alabilir),Enemies you kill explode after 2 seconds (can damage both enemies and the player)
item.ruh_akisi.name,Ruh Akışı,Spirit Flow
item.ruh_akisi.description,Her düşman öldürüşünde yarım stamina hücresi geri gelir,Killing an enemy restores half a stamina cell
item.ruh_avcisi.name,Ruh Avcısı,Soul Hunter
item.ruh_avcisi.description,Öldürdüğün düşmandan kısa süreli hayalet minion çıkar,Enemies you kill spawn a short-lived ghost minion
item.ruzgar_hanceri.name,Rüzgar Hançeri,Wind Dagger
item.ruzgar_hanceri.description,"Dodge roll → Dash'e dönüşür, havada kullanılabilir","Dodge roll becomes a dash, usable in the air"
item.ruzgarin_nisani.name,Rüzgârın Nişanı,Mark of the Wind
item.ruzgarin_nisani.description,Menzilli vuruşlar aktif elementini (zehir/ateş/buz) mermiye bulaştırır,Ranged hits infuse your active element (poison/fire/ice) into the projectile
item.sadik_golge.name,Sadık Gölge,Loyal Shadow
item.sadik_golge.description,Ruh Avcısı hayaletleri kalıcı dolaşır (en fazla 2),Soul Hunter ghosts roam permanently (up to 2)
item.sansli_nal.name,Şanslı Nal,Lucky Horseshoe
item.sansli_nal.description,Parry sonrası ilk vuruş ve görünmezlikten ilk vuruş her zaman kritik,The first hit after a parry and the first hit out of invisibility are always critical
item.sekme_tabanligi.name,Sekme Tabanlığı,Bounce Sole
item.sekme_tabanligi.description,Düşüş saldırısı yere çarpınca otomatik pogo zıplaması yapar,Fall attack automatically pogo-bounces on landing
item.sessiz_ayakkabi.name,Sessiz Ayakkabı,Silent Shoe
item.sessiz_ayakkabi.description,Hareket gürültüsü -%50,Movement noise -50%
item.simit.name,Simit,Simit
item.simit.description,Stamina sıfırlanınca 5 sn %100 hızlı regen,"When stamina hits zero, regen 100% faster for 5s"
item.simsek_kalkani.name,Şimşek Kalkanı,Lightning Shield
item.simsek_kalkani.description,Block sırasında gelen hasarın %80'i saldırgana şimşek olarak yansır,80% of damage taken while blocking reflects onto the attacker as lightning
item.simsek_parmagi.name,Şimşek Parmak,Lightning Finger
item.simsek_parmagi.description,Light attack belli ihtimalle şimşek çakar; buzlu düşmanda ihtimal 2x,Light attacks have a chance to strike lightning; the chance doubles against frozen enemies
item.slide_simsegi.name,Slide Şimşeği,Slide Lightning
item.slide_simsegi.description,Kayarken şimşek çakar (yakındaki düşmanlara hasar). Slide kontrolü -%20,Strikes lightning while sliding (damages nearby enemies). Slide control -20%
item.son_kale.name,Son Kale,Last Stand
item.son_kale.description,Blok sırasında stamina biterse gard kırılması yerine şok dalgası patlar,"If stamina runs out while blocking, a shockwave erupts instead of breaking your guard"
item.tas_yurek.name,Taş Yürek,Heart of Stone
item.tas_yurek.description,Canın %25'in altına indiyse gelen tüm hasarlar %50 azalır.,"If your health drops below 25%, all incoming damage is reduced by 50%."
item.taskin_guc.name,Taşkın Güç,Overflowing Power
item.taskin_guc.description,Stamina tamamen doluyken saldırılar +%30 hasar verir,Attacks deal +30% damage while stamina is full
item.ters_darbe.name,Ters Darbe,Reverse Strike
item.ters_darbe.description,Perfect parry sonrası otomatik karşı saldırı,Automatic counterattack after a perfect parry
item.topuk_kirici.name,Topuk Kırıcı,Heel Breaker
item.topuk_kirici.description,Çömelmeden veya kaymadan çıktıktan hemen sonra yaptığın ilk vuruş ekstra hasar verir.,Your first hit right after leaving a crouch or slide deals extra damage.
item.tunel_ustasi.name,Tünel Ustası,Tunnel Master
item.tunel_ustasi.description,Crawl hızı +%50,Crawl speed +50%
item.tuzak_fisildayan.name,Tuzak Fısıldayan,Trap Whisperer
item.tuzak_fisildayan.description,Zindan tuzakları düşmanlara da hasar verir,Dungeon traps also damage enemies
item.ucuncu_vurus.name,Üçüncü Vuruş,Third Strike
item.ucuncu_vurus.description,Her 3. light attack %50 ek hasar verir,Every 3rd light attack deals 50% extra damage
item.uzun_menzil.name,Uzun Menzil,Long Range
item.uzun_menzil.description,Light attack ayrıca ileri projectile fırlatır,Light attack also fires a forward projectile
item.yanki_oku.name,Yankı Oku,Echo Arrow
item.yanki_oku.description,Mermiler çarptıktan 1sn sonra aynı noktada ikinci kez patlar,Projectiles explode a second time at the same spot 1s after impact
item.yansitici_kalkan.name,Yansıtıcı Kalkan,Reflective Shield
item.yansitici_kalkan.description,Block sırasında gelen hasarın %50'si düşmana yansır,50% of damage taken while blocking reflects onto the enemy
item.yansiyan_ok.name,Yansıyan Ok,Ricocheting Arrow
item.yansiyan_ok.description,Mermiler ilk hedeften sekip yakındaki ikinci düşmana da çarpar,Projectiles ricochet off their first target and hit a second nearby enemy
item.yikim_muhru.name,Yıkım Mührü,Seal of Destruction
item.yikim_muhru.description,Ağır saldırı sırasında tuşu basılı tutup 1 stamina hücresi yakarsan ek patlama olur,Holding the button during a heavy attack and burning 1 stamina cell triggers an extra explosion
item.yildirim_adimi.name,Yıldırım Adımı,Lightning Step
item.yildirim_adimi.description,Dodge/dash sonrası kısa süreli hız bonusu,Brief speed boost after a dodge/dash
item.yildirim_dususu.name,Yıldırım Düşüşü,Lightning Fall
item.yildirim_dususu.description,Fall attack şimşek çakar (10 sn cooldown),Fall attack strikes lightning (10s cooldown)
item.zaman_durdurucu.name,Zaman Durdurucu,Time Stopper
item.zaman_durdurucu.description,Perfect parry sonrası zaman yavaşlar; sen normal hızında hareket edersin,Time slows after a perfect parry; you move at normal speed
item.zehirli_dev.name,Zehirli Dev,Poison Giant
item.zehirli_dev.description,Heavy attack zehir püskürtür (yay çizen damlalar),Heavy attack sprays poison (arcing droplets)
item.zehirli_dusus.name,Zehirli Düşüş,Poison Fall
item.zehirli_dusus.description,Fall attack zehir bulutu bırakır (10 sn cooldown),Fall attack leaves a poison cloud (10s cooldown)
item.zehirli_tirnak.name,Zehirli Tırnak,Poison Claw
item.zehirli_tirnak.description,"Light attack'lar zehir verir (max 5 stack, 2 sn'de 1 hasar/stack)","Light attacks apply poison (max 5 stacks, 1 damage/stack every 2s)"
item.zeytinyagi.name,Zeytinyağı,Olive Oil
item.zeytinyagi.description,Slide mesafesi +%80,Slide distance +80%
item.ziplama_zehiri.name,Zıplama Zehiri,Jump Poison
item.ziplama_zehiri.description,Zıplarken havada zehir izi bırakırsın,Leaves a poison trail in the air while jumping
mc.construction.close_hint,[B ile kapat],[B to close]
building.weaver.production_info,Lv.%s • İşçi:%s • Kumaş: (odun+yiyecek),Lv.%s • Worker:%s • Cloth: (wood+food)
building.well.production_info, • İşçi:%s • Su üretimi: %s/tick, • Worker:%s • Water production: %s/tick
building.woodcutter_camp.production_info, • İşçi:%s • Odun üretimi: %s/tick, • Worker:%s • Wood production: %s/tick
building.brickworks.production_info,Lv.%s • İşçi:%s • Tuğla: (taş),Lv.%s • Worker:%s • Brick: (stone)
building.herbalist.production_info,Lv.%s • İşçi:%s • Şifalı Bitki: (taş+yiyecek),Lv.%s • Worker:%s • Medicinal Herb: (stone+food)
building.sawmill.production_info,Lv.%s • İşçi:%s • Kereste: (odun),Lv.%s • Worker:%s • Lumber: (wood)
building.soapmaker.production_info,Lv.%s • İşçi:%s • Sabun: (kereste+metal),Lv.%s • Worker:%s • Soap: (lumber+metal)
building.stone_mine.production_info, • İşçi:%s • Taş üretimi: %s/tick, • Worker:%s • Stone production: %s/tick
building.tailor.production_info,Lv.%s • İşçi:%s • Giysi: (ekmek+kumaş),Lv.%s • Worker:%s • Clothing: (bread+cloth)
building.teahouse.production_info,Lv.%s • İşçi:%s • Çay: (tuğla+şifalı bitki),Lv.%s • Worker:%s • Tea: (brick+medicinal herb)
building.blacksmith.production_info,Lv.%s • İşçi:%s • Metal: (taş+odun),Lv.%s • Worker:%s • Metal: (stone+wood)
building.armorer.production_info,Lv.%s • İşçi:%s • Zırh: (metal x2),Lv.%s • Worker:%s • Armor: (metal x2)
building.bakery.production_info, • İşçi:%s • Ekmek (odun+yiyecek): 1/%ssn, • Worker:%s • Bread (wood+food): 1/%ss
building.gunsmith.recipe_tier1,odun+taş → 1.sv. silah,wood+stone -> tier 1 weapon
building.gunsmith.recipe_tier2,kereste+tuğla → 2.sv. silah,lumber+brick -> tier 2 weapon
building.gunsmith.recipe_tier3,metal+kumaş → 3.sv. silah,metal+cloth -> tier 3 weapon
building.gunsmith.production_info,Lv.%s • İşçi:%s • %s,Lv.%s • Worker:%s • %s
building.storage.production_info,Lv.%d • Depo kapasitesi: +%d (tüm temel kaynaklar),Lv.%d • Storage capacity: +%d (all base resources)
mc.building.not_built,❌ Yok,❌ Not built
mc.building.upgrade_time_left, ⏳%ssn (%s%%), ⏳%ss (%s%%)
mc.building.upgrade_time_seconds, ⏱%ssn, ⏱%ss
village.housing_shortage_tooltip,Barınak yetersiz — %d köylünün yatacak yeri yok,Not enough housing — %d villagers have nowhere to sleep
trade_mission.title,Ticaret Görevi,Trade Mission
trade_mission.select_route,Rota Seç,Select Route
trade_mission.close,Kapat,Close
trade_mission.no_routes,Şu an aktif ticaret rotası yok.,No active trade routes right now.
trade_mission.route_button,"→ %s  (mesafe %.1f gün, risk %s)","-> %s  (distance %.1f days, risk %s)"
trade_mission.route_summary,%s → %s  •  risk %s  •  mesafe %.1f gün,%s -> %s  •  risk %s  •  distance %.1f days
trade_mission.goods_title,Satılacak Mallar,Goods to Sell
trade_mission.no_stock,Bu rotada satılabilecek stoklu bir mal yok.,No stocked goods available on this route.
trade_mission.escort_title,Eskort Asker,Escort Soldiers
trade_mission.start_button,Ticaret Görevini Başlat,Start Trade Mission
trade_mission.select_at_least_one,En az bir mal seçmelisiniz.,You must select at least one good.
trade_mission.system_missing,Görev sistemi bulunamadı.,Mission system not found.
trade_mission.insufficient_resource,Yetersiz kaynak: %s,Insufficient resource: %s
trade_mission.creation_failed,Görev oluşturulamadı.,Failed to create mission.
trade_mission.start_failed,Görev başlatılamadı.,Failed to start mission.
trader.close,Kapat,Close
trader.default_name,Tüccar,Trader
trader.gold_label,Altın: %d,Gold: %d
trader.no_products,Satılık ürün yok.,No products for sale.
trader.price_per_unit,%d altın / birim,%d gold / unit
trader.purchase_failed,Satın alma başarısız.,Purchase failed.
trader.insufficient_gold_or_stock,Yetersiz altın veya stok yok.,Insufficient gold or out of stock.
stealth.flee_villager_count,%d köylü,%d villager(s)
stealth.flee_cariye_count,%d cariye,%d cariye
stealth.fled_in_fear,Korkup kaçtı: ,Fled in fear: 
stealth.badge_alarm,ALARM,ALARM
stealth.badge_hidden,Gizli,Hidden
plot.worker_remove_hint,çıkar,remove
plot.worker_add_hint,ekle,add
plot.close,Kapat,Close
plot.level_display,Seviye %d / %d,Level %d / %d
plot.max_level,Maksimum Seviye,Maximum Level
plot.remaining_hours,Kalan: %.1f saat,Remaining: %.1f hours
plot.add_floor,Kat Ekle,Add Floor
plot.cost_prefix,Maliyet: ,Cost: 
barracks_weapon.title,Kışla — Silahlandırma,Barracks — Arming
barracks_weapon.equip_all,Tümünü Silahlandır,Equip All
barracks_weapon.close,Kapat,Close
barracks_weapon.stock_line,Stokta: %s %d   %s %d   %s %d,In stock: %s %d   %s %d   %s %d
barracks_weapon.no_soldiers,Kışlada asker yok. Önce köylü ata.,No soldiers in the barracks. Assign a villager first.
barracks_weapon.tier1,⚔ 1. Seviye Silah,⚔ Tier 1 Weapon
barracks_weapon.tier2,⚔ 2. Seviye Silah,⚔ Tier 2 Weapon
barracks_weapon.tier3,⚔ 3. Seviye Silah,⚔ Tier 3 Weapon
barracks_weapon.unarmed,Silahsız,Unarmed
barracks_weapon.soldier_number,Asker #%d,Soldier #%d
barracks_weapon.no_weapons_in_storage,Depoda hiç silah yok.,No weapons in storage.
barracks_weapon.operation_failed,İşlem başarısız.,Operation failed.
barracks_weapon.nav_hint_gamepad,[↑↓] Asker seç   [A] Silahı değiştir   [B] Kapat,[↑↓] Select soldier   [A] Change weapon   [B] Close
barracks_weapon.nav_hint_keyboard,[↑↓] Asker seç   [Enter] Silahı değiştir   [Esc] Kapat,[↑↓] Select soldier   [Enter] Change weapon   [Esc] Close
plot_build.title,İnşa Et,Build
plot_build.subtitle,Yapmak istediğin binayı seç,Choose the building you want to make
plot_build.close,Kapat,Close
plot_build.no_buildings_in_category,Bu kategoride henüz bina yok.,No buildings in this category yet.
plot_build.build,İnşa Et,Build
plot_build.locked,Kilitli,Locked
plot_build.free,Bedava,Free
plot_build.requirements_not_met,Gereksinimler karşılanmıyor.,Requirements not met.
plot_build.already_exists,Bu bina zaten mevcut.,This building already exists.
plot_build.insufficient_prefix,Yetersiz: ,Insufficient: 
plot_build.required_level,Gerekli: %s Lv.%d,Required: %s Lv.%d
plot_build.requirements_or_exists,Gereksinimler karşılanmıyor veya bina zaten var.,Requirements not met or the building already exists.
building_category.resource,Kaynak & Üretim,Resources & Production
building_category.utility,Yardımcı,Utility
building_category.military,Askeri,Military
building_category.decoration,Dekorasyon,Decoration
building_category.fallback,Bina,Building
dungeon_report.continue_hint,Devam etmek için onayla,Press confirm to continue
dungeon_report.title_dead,ÖLDÜN,YOU DIED
dungeon_report.sub_dead,Zindanda düştün — toplanan ganimet kayboldu.,You fell in the dungeon — the loot you collected was lost.
dungeon_report.title_victory,ZAFER!,VICTORY!
dungeon_report.sub_victory,"Boss yenildi, zindandan sağ çıktın.","The boss was defeated, you made it out of the dungeon."
dungeon_report.title_stealth_exit,GİZLİCE KAÇTIN,YOU SLIPPED AWAY
dungeon_report.sub_stealth_exit,Fark edilmeden zindandan sıvıştın.,You slipped out of the dungeon unnoticed.
dungeon_report.title_complete,KEŞİF TAMAMLANDI,EXPLORATION COMPLETE
dungeon_report.sub_complete,Zindandan sağ çıktın.,You made it out of the dungeon.
dungeon_report.title_early_exit,ERKEN ÇIKIŞ,EARLY EXIT
dungeon_report.sub_early_exit,Zindanı bitirmeden ayrıldın.,You left before finishing the dungeon.
dungeon_report.row_duration,Süre,Duration
dungeon_report.warmup_suffix,  (alıştırma),  (warmup)
dungeon_report.row_segments,Geçilen Bölüm,Segments Cleared
dungeon_report.row_enemies_killed,Öldürülen Düşman,Enemies Killed
dungeon_report.row_gold_collected,Toplanan Altın,Gold Collected
dungeon_report.row_gold_lost,    zindanda kaybedilen,    lost in the dungeon
dungeon_report.row_gold_delivered,    kasaya teslim edilen,    delivered to the treasury
dungeon_report.row_rescued,Kurtarılan,Rescued
dungeon_report.row_rescued_lost,    zindanda kaldı,    left behind in the dungeon
dungeon_report.row_fragile_lost,    kaçarken kaybedilen esir,    captive lost while fleeing
vkeyboard.space,Boşluk,Space
vkeyboard.send,Gönder ✓,Send ✓
vkeyboard.nav_hint,[Yön] Gez   [A] Seç   [B] Klavyeyi kapat,[Dir] Move   [A] Select   [B] Close keyboard
mentor_brief.title,Rehber,Guide
mentor_brief.tab_news,Haberler,News
mentor_brief.tab_diplomacy,Diplomasi,Diplomacy
mentor_brief.close,Kapat,Close
mentor_brief.no_news_source,Haber kaynağı bulunamadı.,News source not found.
mentor_brief.no_news_yet,Henüz haber yok.,No news yet.
mentor_brief.village_news_header,🏘 Köy Haberleri,🏘 Village News
mentor_brief.no_village_news,Köy haberi yok.,No village news.
mentor_brief.world_news_header,🌍 Dünya Haberleri,🌍 World News
mentor_brief.no_world_news,Dünya haberi yok.,No world news.
mentor_brief.no_mission_system,Görev sistemi bulunamadı.,Mission system not found.
mentor_brief.active_missions_header,🟢 Aktif Görevler,🟢 Active Missions
mentor_brief.mission_history_header,📜 Geçmiş Görevler,📜 Mission History
mentor_brief.no_world_map_info,Dünya haritası bilgisi yok.,No world map info.
mentor_brief.no_discovered_village,Henüz keşfedilen köy yok.,No discovered village yet.
mentor_brief.no_discovered_village_hint,"Henüz keşfedilen köy yok.
Dünya haritasında komşu köyleri keşfet.","No discovered village yet.
Explore neighboring villages on the world map."
mentor_brief.discovered_villages_header,Keşfedilen Köyler,Discovered Villages
mentor_brief.no_combat_history_1,Savaş geçmişi bulunamadı.,No combat history found.
mentor_brief.no_combat_history_2,Henüz kayıtlı bir saldırı yok.,No recorded attack yet.
mentor_brief.combat_history_header,⚔ Savaş Geçmişi,⚔ Combat History
mentor_brief.defense_success,Savunma başarılı,Defense successful
mentor_brief.defense_fail,Savunma başarısız,Defense failed
mentor_brief.village_label,Köy,Village
mentor_brief.status_sent,gönderildi,sent
mentor_brief.lost_soldiers,Kayıp asker: %d,Soldiers lost: %d
mentor_brief.attacker_losses,Saldırgan kaybı: %d,Attacker losses: %d
mentor_brief.soldiers_disarmed,Silahsız kalan asker: %d,Soldiers left unarmed: %d
mentor_brief.gold_lost,Kayıp altın: %d,Gold lost: %d
mentor_brief.resource_lost,Kayıp %s: %d,Lost %s: %d
mentor_brief.morale_delta,Moral: %s%d,Morale: %s%d
mentor_brief.allied_support,Müttefik desteği devreye girdi.,Allied support kicked in.
mentor_brief.gold_spent,Harcanan altın: %d,Gold spent: %d
mentor_brief.raid_result_hint,Sonuç: göreve cariye atayarak takip edilebilir (Görevler sekmesi).,Result: can be tracked by assigning a concubine to a mission (Missions tab).
mentor_brief.no_further_details,Ek detay yok.,No further details.
mentor_brief.just_now,az önce,just now
mentor_brief.minutes_ago,%d dk önce,%d min ago
mentor_brief.hours_minutes_ago,%d sa %d dk önce,%dh %dm ago
mentor_brief.hours_ago,%d sa önce,%dh ago
mentor_brief.days_ago,%d gün önce,%d days ago
mentor_brief.news_fallback,Haber,News
mentor_brief.reward_prefix,Ödül: ,Reward: 
mentor_brief.penalty_prefix,Ceza: ,Penalty: 
cm_popup.tab_missions,Görevler,Missions
cm_popup.tab_roles,Roller,Roles
cm_popup.assignable_missions,Atanabilir Görevler,Assignable Missions
cm_popup.assign_role,Rol Ata,Assign Role
cm_popup.drop_role,Rolü Bırak (Ücretsiz),Drop Role (Free)
cm_popup.status_available,● Müsait,● Available
cm_popup.status_on_mission,⚑ Görevde,⚑ On Mission
cm_popup.status_injured,✚ Yaralı,✚ Injured
cm_popup.status_resting,♥ Dinleniyor,♥ Resting
cm_popup.level_hp,Seviye %d   HP %d/%d,Level %d   HP %d/%d
cm_popup.morale,Moral %d/%d,Morale %d/%d
cm_popup.role_line,Rol: %s,Role: %s
cm_popup.no_mission_system,Görev sistemi bulunamadı.,Mission system not found.
cm_popup.role_mission,Rol Görevi,Role Mission
cm_popup.no_missions_available,Şu an mevcut görev yok.,No missions available right now.
cm_popup.role_track_banner,🎓 Bu görev tamamlanınca %s rolü kazanılacak.,🎓 Completing this mission grants the %s role.
cm_popup.healer_treat_action,🩺 Oyuncuyu Tedavi Et (35 altın + 2 ilaç),🩺 Treat the Player (35 gold + 2 medicine)
cm_popup.no_treat_needed,Oyuncuda tedavi gerektiren bir durum yok.,The player has no condition requiring treatment.
cm_popup.trader_mission_action,💰 Ticaret Görevi Başlat,💰 Start Trade Mission
cm_popup.commander_info,🛡 Köyde (boşta) olduğu sürece orduyu güçlendirir — savaş yeteneği arttıkça bonus büyür.,🛡 Strengthens the army while she's idle in the village — the bonus grows with her combat skill.
cm_popup.soldiers_selected,⚔ %d asker seçili,⚔ %d soldiers selected
cm_popup.assign_button,Ata,Assign
cm_popup.not_eligible,Uygun değil,Not eligible
cm_popup.lock_on_mission,Cariye zaten görevde,Concubine is already on a mission
cm_popup.lock_injured,Cariye yaralı — önce dinlenmeli,Concubine is injured — must rest first
cm_popup.lock_resting,Cariye dinleniyor,Concubine is resting
cm_popup.lock_mission_specific,Bu görev başka bir cariyeye özel,This mission is specific to another concubine
cm_popup.lock_role_requirement,Rol gereksinimi: %s,Role required: %s
cm_popup.lock_leverage,Kilitli — güven puanı yetersiz (min %d),Locked — insufficient trust score (min %d)
cm_popup.lock_level,Kilitli — seviye %d gerekli,Locked — level %d required
cm_popup.lock_story,Kilitli — hikâye koşulu,Locked — story condition
cm_popup.lock_cariye_level,Seviye %d gerekli (mevcut: %d),Level %d required (current: %d)
cm_popup.lock_insufficient_soldiers,"Yetersiz asker — kışlada %d, görev min %d ister","Insufficient soldiers — %d in barracks, mission requires min %d"
cm_popup.lock_health_low,Sağlık çok düşük,Health too low
cm_popup.lock_morale_low,Moral çok düşük,Morale too low
cm_popup.mission_fallback,Görev,Mission
cm_popup.min_soldiers,⚔ min %d asker (mevcut: %d),⚔ min %d soldiers (current: %d)
cm_popup.duration_days_hours,%dg %dsa,%dd %dh
cm_popup.duration_days,%d gün,%d days
cm_popup.duration_hours_minutes,%dsa %ddak,%dh %dm
cm_popup.duration_hours,%d saat,%d hours
cm_popup.duration_minutes,%d dak,%d min
cm_popup.difficulty_easy,Kolay,Easy
cm_popup.difficulty_medium,Orta,Medium
cm_popup.difficulty_hard,Zor,Hard
cm_popup.difficulty_legendary,Efsanevi,Legendary
cm_popup.type_mission,[Görev],[Mission]
cm_popup.type_war,[Savaş],[War]
cm_popup.type_discovery,[Keşif],[Discovery]
cm_popup.type_diplomacy,[Diplomasi],[Diplomacy]
cm_popup.type_trade,[Ticaret],[Trade]
cm_popup.type_intel,[İstihbarat],[Intelligence]
cm_popup.type_bureaucracy,[Bürokrasi],[Bureaucracy]
cm_popup.role_none,Yok,None
cm_popup.role_commander,Komutan,Commander
cm_popup.role_agent,Ajan,Agent
cm_popup.role_diplomat,Diplomat,Diplomat
cm_popup.role_trader,Tüccar,Trader
cm_popup.role_scholar,Alim,Scholar
cm_popup.role_physician,Tıbbiyeci,Physician
cm_popup.role_unspecified,Belirtilmemiş,Unspecified
cm_popup.role_assign_failed,Rol atanamadı.,Failed to assign role.
cm_popup.current_role_note,Bu cariyenin şu anki rolü.,This is her current role.
cm_popup.training_ready,Eğitim görevi hazır — Görevler sekmesinden ata.,Training mission ready — assign it from the Missions tab.
cm_popup.other_role_in_progress,Başka bir rol için görev sürüyor — önce onu bitir.,A mission for another role is in progress — finish it first.
cm_popup.no_training_defined,Bu rol için eğitim tanımlı değil.,No training defined for this role.
cm_popup.cost_line,Bedel: %s,Cost: %s
cm_popup.training_after_payment,Ödendikten sonra Görevler sekmesinde bu rolü kazandıracak tek bir görev belirir.,"Once paid, a single mission that grants this role will appear in the Missions tab."
cm_popup.benefit_commander,"Köyde boştayken orduyu güçlendirir: savaş yeteneğine göre askerlere %10-%40 saldırı, %8-%30 savunma bonusu verir. Bu bonus hem köy savunmasında hem saldırı/yağma görevlerinde geçerlidir.",Strengthens the army while she's idle in the village: grants soldiers a 10-40% attack and 8-30% defense bonus based on her combat skill. This applies to both village defense and raid missions.
cm_popup.benefit_agent,Keşfedilmemiş komşu köylerdeki krizler hakkında duyum alma ihtimalini artırır; müttefik köylerin paylaşımlı istihbarat menzilini genişletir.,Increases the chance of hearing about crises in undiscovered neighboring villages; extends the shared intelligence range of allied villages.
cm_popup.benefit_diplomat,Komşu köylerdeki kriz sürelerini kısaltır; günlük istikrar toparlanmasını hızlandırır.,Shortens crisis durations in neighboring villages; speeds up daily stability recovery.
cm_popup.benefit_trader,Diğer köylere ticaret/kervan görevi başlatabilirsiniz — malzeme satarak altın ve ilişki kazanırsınız. Müttefik köylerden gelen günlük vergi gelirini artırır.,You can start trade/caravan missions to other villages — sell goods for gold and relationship gains. Increases daily tax income from allied villages.
cm_popup.benefit_scholar,Kıtlık ve salgın söylentisi olaylarının şiddetini azaltır.,Reduces the severity of famine and plague-rumor events.
cm_popup.benefit_physician,Oyuncuyu ölüm sonrası debufftan tedavi edebilir (35 altın + 2 ilaç). Köydeki hasta işçilerin bir kısmını ücretsiz iyileştirir.,Can treat the player's post-death debuff (35 gold + 2 medicine). Heals some sick villagers for free.
cm_popup.cost_gold,%d altın,%d gold
cm_popup.assign_failed,Atama başarısız.,Assignment failed.
cm_popup.mission_assign_failed,Görev atanamadı.,Mission could not be assigned.
cm_popup.nav_hint_gamepad,[↑↓] Seç   [◄►] Asker   [L2/R2] Sekme   [A] Onayla   [B] Kapat,[↑↓] Select   [◄►] Soldiers   [L2/R2] Tab   [A] Confirm   [B] Close
cm_popup.nav_hint_keyboard,[↑↓] Seç   [◄►] Asker   [Q/E] Sekme   [Enter] Onayla   [Esc] Kapat,[↑↓] Select   [◄►] Soldiers   [Q/E] Tab   [Enter] Confirm   [Esc] Close
time.day_format,"Gün %d, %02d:%02d","Day %d, %02d:%02d"
village.construction.starting,İnşaat başlıyor...,Construction starting...
village.construction.progress,İnşaat: %d%% (%.1f saat),Construction: %d%% (%.1f hours)
npc_window.chat_title,Sohbet,Chat
npc_window.close_hint,[%s] Kapat,[%s] Close
wm.dice.rolling,Zarlar dönüyor...,Rolling the dice...
wm.dice.ready,Zarlar hazır.,Dice ready.
resource.armor,Zırh,Armor
timeskip.title,Zaman Atlama Tamamlandı,Time Skip Complete
timeskip.hours_passed,%.1f saat geçti,%.1f hours passed
timeskip.no_resources,Bu sürede kaynak üretilmedi,No resources were produced during this time
timeskip.produced_resources,Üretilen Kaynaklar:,Resources Produced:
tutorial.village.dialogue_mechanics_1,"Beni iyi dinle; buralarda insanlarla konuşmak bir senaryodan replik okumaya benzemez. Sadece önceden belirlenmiş seçenekler arasından seçim yapmazsın. Kelimenin tam anlamıyla ne söylemek istiyorsan onu yazabilirsin! Doğal bir şekilde konuş, sorular sor veya bir düşünceni paylaş.","Listen closely: talking to people around here isn't like reading from a script. You don't just pick from a list of set choices. You can literally type out whatever you want to say! Speak naturally, ask questions, or share a thought."
tutorial.village.dialogue_mechanics_2,"Küçük bir tavsiye: Köydeki herkes İngilizce konuşur. Başka dilleri anlama veya konuşma konusunda iyi değiller, bu yüzden sözlerinin tam olarak yerine ulaşmasını istiyorsan İngilizce'den şaşma.","A quick word of advice: Everyone in the village speaks English. They aren't good at speaking or understanding other languages, so stick to English if you want your words to land properly."
tutorial.village.villager_individuality_1,"Son bir şey daha var ve bu çok önemli: Köylüler, kendi akılları olan özgün bireylerdir. Kendilerine has kişilikleri, alışkanlıkları, kusurları ve amaçlarıyla bizimle birlikte burada yaşarlar.","One last thing, and this is crucial: the villagers are distinct individuals with their own minds. They live here alongside us, each with their own unique personalities, habits, flaws, and motivations."
tutorial.village.villager_individuality_2,"Onlar senin hizmetkarın ya da her dediğine itaat eden ruhsuz varlıklar değiller; hiçbir iki insan sana aynı tepkiyi vermez. Burada sohbet etmenin bir hilesi veya evrensel bir formülü yok. Bu yüzden kiminle konuştuğuna dikkat et, onları neyin harekete geçirdiğini çöz ve onlara tamamen özgün birer birey olarak yaklaş.","They aren't your servants or mindlessly compliant entities, and no two people will react to you the same way. There is no trick or universal formula to conversation here. Pay attention to who you are speaking with, learn what makes them tick, and engage with them as unique individuals."
campfire.rest_1h,1 Saat Dinlen,Rest 1 Hour
campfire.rest_4h,4 Saat Dinlen,Rest 4 Hours
campfire.rest_until_morning,Sabaha Kadar Uyu,Sleep Until Morning
campfire.close,Kapat,Close
campfire.morning,Sabah oldu,Morning has come
campfire.hours_passed_int,%d saat geçti,%d hours passed
campfire.hours_passed_float,%.1f saat geçti,%.1f hours passed
campfire.health_line,💚 Can: %d / %d,💚 Health: %d / %d
wm.expedition.supply_duration,Erzak süresi: ~%s,Supply duration: ~%s
wm.travel.crisis.wolf_attack,%s bolgesindeki kurt gerilimi buraya da siziyor. ,Tension over wolves near %s has spread this way too. 
wm.travel.crisis.harvest_failure,%s tarafindaki erzak baskisi haberleri yayildi. ,Word has spread of food shortages near %s. 
wm.travel.crisis.migrant_wave,%s civarinda duzensiz goc hareketleri var. ,There's unusual migrant movement around %s. 
wm.travel.crisis.bandit_road,%s yolunda haydut tehlikesi bolgede. ,Bandit danger looms on the road near %s. 
wm.travel.crisis.plague_scare,%s tarafinda hastalik kaygisi dolanıyor. ,Worry about illness is going around near %s. 
wm.travel.crisis.default,%s civarinda kriz haberi var. ,There's news of a crisis near %s. 
wm.travel.prompt.orman.0,Sis bir anda coktu; patika secmek zorlasti.,Fog dropped suddenly; picking a path got hard.
wm.travel.prompt.orman.1,Dallar arasindan gelen sesler ekibi gerdi.,Sounds from among the branches put the group on edge.
wm.travel.prompt.orman.2,Terk bir kamp atesine rastladin; ici supheli gorunuyor.,You came across an abandoned campfire; something about it looks off.
wm.travel.prompt.dag.0,Dar gecitte ufak kaya dusmeleri basladi.,Small rockfalls started in the narrow pass.
wm.travel.prompt.dag.1,Ruzgar bastirdi; adimlar guvensizlesiyor.,The wind picked up; footing is getting unsteady.
wm.travel.prompt.dag.2,Eski maden agzinda catlak sesleri duyuldu.,Cracking sounds came from the old mine entrance.
wm.travel.prompt.akarsu.0,Akinti sertlesti; gecis noktasi riskli.,The current turned rough; the crossing point is risky.
wm.travel.prompt.akarsu.1,"Kopru tahtalari gicirdiyor, zemin oynak.","The bridge planks are creaking, the footing unstable."
wm.travel.prompt.akarsu.2,Kiyida suruklenen bir sandik dikkat cekti.,A chest washed up on the bank caught your eye.
wm.travel.prompt.ova.0,Yol catallandi; izler birbirine girdi.,The road forked; the tracks tangled together.
wm.travel.prompt.ova.1,Kervan izleri bir anda kesildi.,The caravan tracks suddenly broke off.
wm.travel.prompt.ova.2,Yol kenari enkazinda ters giden bir seyler var.,Something's wrong with the wreckage by the roadside.
wm.travel.fate_suffix,Talihi iki zar belirleyecek.,Fate will be decided by two dice.
wm.travel.neutral_roll,Iki zar da 3: ne kazandin ne kaybettin.,Both dice landed on three: you neither gained nor lost anything.
wm.travel.story.orman.0.intro,"Sis basti, izler kayboldu.","Fog rolled in, the tracks vanished."
wm.travel.story.orman.0.t4,Yosunlu bir kestirme buldun.,You found a mossy shortcut.
wm.travel.story.orman.0.t3,Kuru patikayi yakaladin.,You picked up the dry path.
wm.travel.story.orman.0.t2,Dallari acip ilerledin.,You pushed the branches aside and moved on.
wm.travel.story.orman.0.t1,Yanlis patikaya sapip geri dondun.,You took a wrong turn and had to backtrack.
wm.travel.story.orman.0.t0,"Bogucu sis, ekip dagildi ve buyuk zaman kaybi yasandi.","The fog was suffocating, the group scattered, and a lot of time was lost."
wm.travel.story.orman.1.intro,Yabani hayvan izleri cogaldi.,Wild animal tracks kept multiplying.
wm.travel.story.orman.1.t4,Hayvanlar senden uzaklasti; guvenli bir gecis yakaladin.,The animals moved away from you; you found a safe way through.
wm.travel.story.orman.1.t3,Tehlikeyi sessizce atlattin.,You slipped past the danger quietly.
wm.travel.story.orman.1.t2,Nefesini tutup gecmeyi basardin.,You held your breath and managed to get through.
wm.travel.story.orman.1.t1,Kacisirken yaralandin.,You got hurt while running for it.
wm.travel.story.orman.1.t0,Pusuya benzer bir kargasada agir bedel odedin.,You paid dearly in what felt like an ambush.
wm.travel.story.orman.2.intro,Terk bir kamp atesine rastladin.,You came across an abandoned campfire.
wm.travel.story.orman.2.t4,"Kamp temizdi, ise yarar erzak buldun.",The camp was clean; you found useful supplies.
wm.travel.story.orman.2.t3,Kullanisli bir parca cikarabildin.,You managed to salvage something useful.
wm.travel.story.orman.2.t2,"Kamp bos cikti, yoluna devam ettin.",The camp turned out empty; you moved on.
wm.travel.story.orman.2.t1,Curuuk malzeme oyalanmana neden oldu.,Rotten supplies cost you some time.
wm.travel.story.orman.2.t0,Tuzakli kamp buyuk kayba yol acti.,"The camp was a trap, and it cost you dearly."
wm.travel.story.dag.0.intro,Dar gecitte kaya sesleri yankilandi.,Rock sounds echoed through the narrow pass.
wm.travel.story.dag.0.t4,Gizli bir dag gecidi buldun.,You found a hidden mountain passage.
wm.travel.story.dag.0.t3,Saglam zeminden akici gectin.,You crossed smoothly over solid ground.
wm.travel.story.dag.0.t2,Temkinli adimlarla sorunsuz gectin.,You made it through fine with careful steps.
wm.travel.story.dag.0.t1,Kucuk bir kayma yavaslatti.,A small slip slowed you down.
wm.travel.story.dag.0.t0,Kaya dusmesi ekibi zorladi.,A rockslide put the group through the wringer.
wm.travel.story.dag.1.intro,Sert ruzgar dengeyi bozdu.,A harsh wind threw off everyone's balance.
wm.travel.story.dag.1.t4,Ruzgari arkana alip hiz kazandin.,You put the wind at your back and picked up speed.
wm.travel.story.dag.1.t3,"Ruzgar dindi, gecis kolaylasti.","The wind died down, and the crossing got easier."
wm.travel.story.dag.1.t2,Bekleyip uygun anda gectin.,You waited it out and crossed at the right moment.
wm.travel.story.dag.1.t1,"Yuk dengesi bozuldu, oyalandin.","The load shifted off balance, costing you time."
wm.travel.story.dag.1.t0,Ucurum kenarinda panik buyuk kayip getirdi.,Panic at the cliff's edge led to a heavy loss.
wm.travel.story.dag.2.intro,Eski maden agzinda catlaklar gordun.,You spotted cracks at the old mine entrance.
wm.travel.story.dag.2.t4,Maden ceplerinden degerli parca topladin.,You picked a valuable piece out of the mine's pockets.
wm.travel.story.dag.2.t3,Kucuk bir odul buldun.,You found a small reward.
wm.travel.story.dag.2.t2,Gereksiz risk almayip yoluna devam ettin.,You chose not to risk it and moved on.
wm.travel.story.dag.2.t1,Cokuntu yuzunden geri adim attin.,A cave-in forced you to step back.
wm.travel.story.dag.2.t0,Maden agzi cokerken agir gecikme yasandi.,"The mine entrance collapsed, costing you a heavy delay."
wm.travel.story.akarsu.0.intro,Akinti beklenenden hizliydi.,The current was faster than expected.
wm.travel.story.akarsu.0.t4,Sakin bir gecit bulup hizla karsiya gectin.,You found a calm crossing and made it across quickly.
wm.travel.story.akarsu.0.t3,Akintiyi dogru aciyla gectin.,You crossed the current at just the right angle.
wm.travel.story.akarsu.0.t2,"Islanip toparlandin, yoluna devam.","You got soaked, shook it off, and carried on."
wm.travel.story.akarsu.0.t1,Sicrama aninda dengeyi kaybettin.,You lost your balance mid-jump.
wm.travel.story.akarsu.0.t0,"Akinti yukunu surukledi, agir kayip yasandi.","The current swept your cargo away, a heavy loss."
wm.travel.story.akarsu.1.intro,Kopru tahtalari gicirdamaya basladi.,The bridge planks started to creak.
wm.travel.story.akarsu.1.t4,Yan servis koprusunu fark ettin.,You noticed a side service bridge.
wm.travel.story.akarsu.1.t3,Saglam bolmeden gectin.,You crossed through a sturdy section.
wm.travel.story.akarsu.1.t2,Yavas ama temiz bir gecis oldu.,It was a slow but clean crossing.
wm.travel.story.akarsu.1.t1,Kopru donusu oyalanmana neden oldu.,Backtracking around the bridge cost you time.
wm.travel.story.akarsu.1.t0,Kopru kismi cokerken panik buyudu.,"Part of the bridge gave way, and panic took over."
wm.travel.story.akarsu.2.intro,Kiyida suruklenen bir sandik gordun.,You spotted a chest washed up on the bank.
wm.travel.story.akarsu.2.t4,Sandiktan degerli seyler cikti.,Valuable things turned up in the chest.
wm.travel.story.akarsu.2.t3,Az da olsa ise yarar malzeme buldun.,"You found a little useful material, at least."
wm.travel.story.akarsu.2.t2,Sandik neredeyse bostu.,The chest was nearly empty.
wm.travel.story.akarsu.2.t1,Sandigi acarken zaman kaybettin.,Prying the chest open cost you time.
wm.travel.story.akarsu.2.t0,Tuzakli sandik zarar verdi.,"The chest was rigged, and it hurt you."
wm.travel.story.ova.0.intro,"Yol catallandi, izler karisti.","The road forked, and the tracks got tangled."
wm.travel.story.ova.0.t4,Kestirme buldun.,You found a shortcut.
wm.travel.story.ova.0.t3,Dogru kola erken saptin.,You picked the right branch early.
wm.travel.story.ova.0.t2,Kisa bir tereddutle devam ettin.,"You hesitated briefly, then carried on."
wm.travel.story.ova.0.t1,Yanlis kola girip geri dondun.,You took the wrong branch and turned back.
wm.travel.story.ova.0.t0,Uzun bir dolambac buyuk kayip getirdi.,A long detour cost you dearly.
wm.travel.story.ova.1.intro,Kervan izleri dagilmisti.,The caravan tracks had scattered.
wm.travel.story.ova.1.t4,Takas icin uygun bir kervanla karsilastin.,You ran into a caravan willing to trade.
wm.travel.story.ova.1.t3,Yolcu notundan faydali bilgi ciktı.,A traveler's note turned up something useful.
wm.travel.story.ova.1.t2,Izler anlamsizlasti.,The tracks stopped making any sense.
wm.travel.story.ova.1.t1,Kucuk bir hirsizlik yasandi.,A small theft happened along the way.
wm.travel.story.ova.1.t0,Haydut artcisi pusuya dusurdun.,A bandit rearguard ambushed you.
wm.travel.story.ova.2.intro,Yol kenari enkazi dikkat cekti.,Wreckage by the roadside caught your eye.
wm.travel.story.ova.2.t4,Enkazdan temiz kazanc elde ettin.,You made a clean profit from the wreckage.
wm.travel.story.ova.2.t3,Ise yarar bir parca buldun.,You found a useful piece.
wm.travel.story.ova.2.t2,Risk almadan gectin.,You passed by without taking any risk.
wm.travel.story.ova.2.t1,Curuk malzeme moral bozdu.,Rotten materials were a letdown.
wm.travel.story.ova.2.t0,Enkazdaki tehlike buyuk zarar verdi.,Danger in the wreckage caused serious harm.
wm.travel.fallback.intro,Yol sustu.,The road went quiet.
wm.travel.fallback.t4,Mukemmel sans.,Perfect luck.
wm.travel.fallback.t3,Isler yolunda.,Things are going well.
wm.travel.fallback.t2,Sakin bir gecis.,A calm crossing.
wm.travel.fallback.t1,Kucuk felaket.,A small disaster.
wm.travel.fallback.t0,Her sey bir anda kotuye gitti.,Everything suddenly went wrong.
wm.travel.tier.neutral,Tam notr (3+3),Perfectly Neutral (3+3)
wm.travel.tier.disaster,"Felaket (2, dü yek)","Disaster (2, snake eyes)"
wm.travel.tier.bad,Kotu (3-4),Bad (3-4)
wm.travel.tier.calm,Sakin (5-8),Calm (5-8)
wm.travel.tier.good,Iyi (9-11),Good (9-11)
wm.travel.tier.perfect,"Mukemmel (12, düşeş)","Perfect (12, double sixes)"
wm.duration_short,%dsa %02ddk,%dh %02dm
mission.gen.defend.name,Savunma Yardımı: %s,Defense Aid: %s
mission.gen.defend.desc,%s'nin saldırısına karşı %s'yi savun.,Defend %s against the attack from %s.
debuff.broken_rib,Kırık Kaburga,Broken Rib
debuff.back_strain,Bel Tutulması,Back Strain
debuff.balance_loss,Denge Kaybı,Balance Loss
debuff.generic,Yaralanma,Injury
hud.debuff_prefix,DEBUFF: %s,DEBUFF: %s
hud.debuff_remaining_prefix,Kalan: %s,Remaining: %s
hud.debuff_days_left,%d gün,%d days
hud.debuff_placeholder,-,-
wm.settlement.action.start_trade,Ticaret Baslat,Start Trade
wm.settlement.action.diplomacy_initiative,Diplomasi Girisimi,Diplomatic Initiative
wm.settlement.action.send_soldiers,Asker Gonder (Baskin),Send Soldiers (Raid)
wm.settlement.action.war_support,Savasta Destek,War Support
wm.settlement.action.mediate,Aracilik Yap,Mediate
wm.settlement.action.propose_alliance,Ittifak Onerisi,Propose Alliance
wm.settlement.action.break_alliance,Ittifaki Boz,Break Alliance
wm.settlement.action.offensive_raid,Ofansif Baskin,Offensive Raid
wm.settlement.action.trade_preview,Ticaret Baslat (Sure: ~%s | Risk: %s),Start Trade (Duration: ~%s | Risk: %s)
wm.settlement.action.diplomacy_preview,Diplomasi Girisimi (Sure: ~%s | Risk: %s),Diplomatic Initiative (Duration: ~%s | Risk: %s)
wm.settlement.action.raid_preview,Asker Gonder (Sure: ~%s | Risk: %s),Send Soldiers (Duration: ~%s | Risk: %s)
wm.settlement.action.aid_no_crisis,Yardim Gonder (kriz yok),Send Aid (no crisis)
wm.settlement.action.alliance_no_system,Ittifak Onerisi (sistem yok),Propose Alliance (system unavailable)
wm.settlement.action.alliance_already,Ittifak Onerisi (zaten muttefik),Propose Alliance (already allied)
wm.settlement.action.alliance_invalid,Ittifak Onerisi (gecersiz),Propose Alliance (unavailable)
wm.settlement.action.break_no_system,Ittifaki Boz (sistem yok),Break Alliance (system unavailable)
wm.settlement.action.break_not_allied,Ittifaki Boz (muttefik degil),Break Alliance (not allied)
wm.settlement.action.raid_no_system,Ofansif Baskin (sistem yok),Offensive Raid (system unavailable)
wm.settlement.action.raid_not_hostile,Ofansif Baskin (dusman degil),Offensive Raid (not hostile)
wm.settlement.action.war_support_none,Savasta Destek (savas yok),War Support (no war)
wm.settlement.action.mediate_none,Aracilik Yap (gerilim yok),Mediate (no tension)
wm.settlement.action.raid_label,Ofansif Baskin (%s | %d altin | %d/%d asker),Offensive Raid (%s | %d gold | %d/%d soldiers)
wm.settlement.intervention_fallback,Mudahale,Intervention
wm.settlement.cost_gold_unit,%d altin,%d gold
wm.settlement.aid_fallback,Yardim,Aid
wm.settlement.no_cost,(maliyet yok),(no cost)
wm.settlement.cost_prefix,Maliyet: ,Cost: 
wm.settlement.confirm_for,%s icin %s,%s for %s
wm.settlement.effect_prefix,Etki: ,Effect: 
wm.settlement.irreversible,Bu islem geri alinamaz.,This action cannot be undone.
wm.settlement.confirm.aid_title,Yardim Onayi,Confirm Aid
wm.settlement.confirm.war_support_title,Savas Destegi Onayi,Confirm War Support
wm.settlement.confirm.mediation_title,Aracilik Onayi,Confirm Mediation
wm.settlement.confirm.alliance_propose_title,Ittifak Teklifi Onayi,Confirm Alliance Proposal
wm.settlement.confirm.alliance_break_title,Ittifak Bozma Onayi,Confirm Alliance Break
wm.settlement.confirm.raid_title,Ofansif Baskin Onayi,Confirm Offensive Raid
wm.settlement.raid_confirm_body,"%s koyune baskin duzenlenmek uzere.
Maliyet: %d altin
Gerekli asker: %d
Zorluk: %s
Baskin basarili olursa: altin/erzak ganimeti + hedef zayiflar
Basarisiz olursa: asker kaybi + iliski kotulesmesi

Devam edilsin mi?","A raid on %s is about to be organized.
Cost: %d gold
Soldiers required: %d
Difficulty: %s
If the raid succeeds: gold/supply plunder + the target is weakened
If it fails: soldier losses + relations worsen

Proceed?"
wm.settlement.status_line,Durum: nufus %d | erzak %d | guvenlik %d | istikrar %d,Status: population %d | food %d | security %d | stability %d
wm.settlement.produces,uretim: ,produces: 
wm.settlement.scarce,eksik: ,short on: 
wm.settlement.economy_prefix,Ekonomi: ,Economy: 
wm.settlement.active_crisis,Aktif kriz: %s,Active crisis: %s
wm.settlement.active_chain,Aktif zincir: %s (%s),Active chain: %s (%s)
wm.settlement.migration_in,Gelen goc: %s'tan ~%d kisi,"Incoming migration: from %s, ~%d people"
wm.settlement.migration_out,Giden goc: %s'a ~%d kisi,"Outgoing migration: to %s, ~%d people"
wm.settlement.diplomacy_prefix,Diplomasi: ,Diplomacy: 
wm.settlement.allied_badge,[Muttefik],[Allied]
wm.settlement.aid_call_active, | Yardim cagrisi aktif: %s, | Aid call active: %s
wm.settlement.aid_call_default_reason,kriz,crisis
wm.settlement.tribute_active,Tribute aktif: gunluk pasif altin/erzak,Tribute active: daily passive gold/supplies
wm.settlement.tribute_inactive,Tribute pasif: stabilite/erzak yetersiz,Tribute inactive: insufficient stability/supplies
wm.settlement.defense_ready,Defans hazir: %d/%d hex menzil,Defense ready: %d/%d hex range
wm.settlement.defense_not_ready,Defans hazir degil: %s,Defense not ready: %s
wm.settlement.hostile_badge,[Sana karsi dusmanca] iliski: %d,[Hostile to you] relation: %d
wm.settlement.raid_risk_warning,Baskin riski + yakin hex'lerde yol riski yukselir.,"Raid risk rises, along with travel risk on nearby hexes."
wm.settlement.diplo.tension,gergin,tense
wm.settlement.diplo.cold_war,soguk savas,cold war
wm.settlement.diplo.open_war,savas,war
wm.settlement.diplo.ceasefire,ateskes,ceasefire
wm.settlement.diplo.peace,baris,peace
wm.settlement.defender_reason.in_crisis,muttefik krizde,ally is in crisis
wm.settlement.defender_reason.low_food,erzak yetersiz,insufficient supplies
wm.settlement.defender_reason.low_security,guvenlik dusuk,security too low
wm.settlement.defender_reason.out_of_range,menzil disi,out of range
wm.settlement.defender_reason.no_player_village,koy konumu yok,no village location
wm.status.need_own_village_hex,Koye donmek icin once kendi koy hex ine var.,You need to reach your own village hex before you can return to the village.
wm.status.visit,Ziyaret: %s,Visit: %s
wm.status.already_visited,Bu nokta zaten ziyaret edilmiş veya erişilemez.,This spot has already been visited or is unreachable.
wm.status.journey_stopped,Yolculuk durduruldu.,Journey stopped.
wm.status.journey_interrupted,Yolculuk kesildi.,Journey interrupted.
wm.status.event_pending,Yolculuk olayi: karar bekleniyor.,Travel event: awaiting your decision.
wm.status.travel_failed,Yolculuk yapilamadi (yol yok veya gecersiz hedef).,Couldn't travel (no path or invalid destination).
wm.status.already_there,Zaten bu hedeftesin.,You're already at that destination.
wm.status.no_team,Secilebilir ekip yok.,No team available to select.
wm.status.high_risk_cargo_warning,"Bu rota YUKSEK riskli (~%%%d olay) ve teslim edilmemis yuk tasiyorsun.
Yine de yola cikilsin mi?","This route is HIGH risk (~%%%d event chance) and you're carrying undelivered cargo.
Set out anyway?"
wm.settlement.cancelled,%s ile etkileşim iptal edildi.,Interaction with %s cancelled.
wm.settlement.aid_unavailable,Yardim sistemi su an mevcut degil.,The aid system isn't available right now.
wm.settlement.aid_no_crisis_msg,Yardim icin uygun bir kriz yok.,There's no crisis suitable for aid right now.
wm.settlement.aid_undetermined,Yardim secimi tanimlanamadi.,Couldn't determine the aid option.
wm.settlement.aid_insufficient,Yardim icin yeterli kaynagin yok.,You don't have enough resources for aid.
wm.settlement.war_support_none_msg,Su an destek verilebilecek aktif savas yok.,There's no active war to support right now.
wm.settlement.war_support_insufficient,Savas destegi icin yeterli kaynagin yok.,You don't have enough resources for war support.
wm.settlement.mediation_none_msg,Su an aracilik yapilabilecek bir gerilim yok.,There's no tension to mediate right now.
wm.settlement.mediation_insufficient,Aracilik icin yeterli kaynagin yok.,You don't have enough resources to mediate.
wm.settlement.alliance_ineligible,Bu koy zaten muttefik veya iliski cok dusuk.,"This village is already allied, or relations are too low."
wm.settlement.alliance_insufficient,Ittifak teklifi icin yeterli kaynagin yok.,You don't have enough resources for an alliance proposal.
wm.settlement.no_alliance,Bu koyle aktif ittifak yok.,There's no active alliance with this village.
wm.settlement.raid_system_unavailable,Ofansif baskin sistemi mevcut degil.,The offensive raid system isn't available.
wm.settlement.raid_cannot,Ofansif baskin yapilamaz: %s,Can't launch an offensive raid: %s
wm.settlement.raid_mission_created,Ofansif baskin gorevi olusturuldu! Cariye atayarak gorevi baslat.,Offensive raid mission created! Assign a concubine to start it.
wm.settlement.raid_launch_failed,Baskin yapilamadi: %s,The raid failed to launch: %s
wm.settlement.vault_insufficient_gold,Kasada yeterli altin yok.,Not enough gold in the vault.
wm.settlement.village_stock_insufficient,Koy stogu yetersiz.,Village stock is insufficient.
wm.settlement.supplies_not_taken,Erzak alinamadi.,Couldn't take the supplies.
wm.settlement.supplies_added,Erzak cantana eklendi.,Supplies added to your pack.
wm.settlement.war_support_cancelled,Savas destegi iptal edildi.,War support cancelled.
wm.settlement.mediation_cancelled,Aracilik iptal edildi.,Mediation cancelled.
wm.settlement.raid_cancelled,Ofansif baskin iptal edildi.,Offensive raid cancelled.
wm.settlement.aid_send_cancelled,Yardim gonderme iptal edildi.,Sending aid cancelled.
wm.settlement.alliance_system_unavailable,Ittifak sistemi su an mevcut degil.,The alliance system isn't available right now.
wm.settlement.alliance_target_undetermined,Ittifak teklifi hedefi belirlenemedi.,Couldn't determine the alliance proposal target.
wm.settlement.no_alliance_to_break,Bozulacak ittifak bulunamadi.,No alliance found to break.
wm.settlement.war_support_system_unavailable,Savas destegi sistemi su an mevcut degil.,The war support system isn't available right now.
wm.settlement.war_support_no_active,Destek verilebilecek aktif savas yok.,There's no active war to support.
wm.settlement.war_support_target_undetermined,Savas destegi hedefi belirlenemedi.,Couldn't determine the war support target.
wm.settlement.mediation_system_unavailable,Aracilik sistemi su an mevcut degil.,The mediation system isn't available right now.
wm.settlement.mediation_none_available,Aracilik yapilabilecek bir gerilim yok.,There's no tension available to mediate.
wm.settlement.mediation_target_undetermined,Aracilik hedefi belirlenemedi.,Couldn't determine the mediation target.
wm.settlement.intervention_insufficient,Mudahale icin yeterli kaynagin yok.,You don't have enough resources to intervene.
wm.settlement.not_at_war,Bu koy su an aktif bir savasta degil.,This village isn't in an active war right now.
wm.settlement.no_conflict,Aracilik icin uygun bir gerilim/savas yok.,There's no suitable tension or war to mediate.
wm.settlement.already_allied,Bu koy zaten muttefik.,This village is already allied.
wm.settlement.not_allied,Bu koyle ittifak yok.,There's no alliance with this village.
wm.settlement.relation_too_low,"Iliski cok dusuk, ittifak teklifi reddedildi.",Relations are too low; the alliance proposal was rejected.
wm.settlement.invalid_target,Hedef koy gecersiz.,The target village is invalid.
wm.settlement.alliance_propose_failed,Ittifak teklifi uygulanamadi.,Couldn't carry out the alliance proposal.
wm.settlement.alliance_break_failed,Ittifak bozulamadi.,Couldn't break the alliance.
wm.settlement.war_support_failed,Savas destegi uygulanamadi.,Couldn't carry out war support.
wm.settlement.mediation_failed,Aracilik uygulanamadi.,Couldn't carry out mediation.
wm.settlement.aid_provided_default,Yardim uygulandi.,Aid provided.
wm.settlement.aid_failed_default,Yardim uygulanamadi.,Couldn't provide aid.
wm.settlement.no_crisis_needs_aid,Bu koyde su an yardim gerektiren bir kriz yok.,This village has no crisis requiring aid right now.
wm.settlement.no_aid_option_for_crisis,Bu kriz turu icin yardim secenegi yok.,There's no aid option for this type of crisis.
wm.settlement.trade_mission_created,%s icin ticaret gorevi olusturuldu.,Trade mission created for %s.
wm.settlement.diplomacy_mission_created,%s icin diplomasi gorevi olusturuldu.,Diplomacy mission created for %s.
wm.settlement.raid_mission_created2,%s icin baskin gorevi olusturuldu.,Raid mission created for %s.
wm.settlement.action_prompt,%s: Ticaret/Diplomasi/Asker secimi yap.,%s: Choose Trade/Diplomacy/Soldiers.
wm.settlement.default_name,Komsu Koy,Neighboring Village
wm.settlement.relation_suffix, (ilişki: %d/%d), (relation: %d/%d)
